country,country_code,country_code_3
Afghanistan,AF,AFG
Albania,AL,ALB
Algeria,DZ,DZA
American Samoa,AS,ASM
Andorra,AD,AND
Angola,AO,AGO
Anguilla,AI,AIA
Antarctica,AQ,ATA
Antigua & Barbuda,AG,ATG
Antigua and Barbuda,AG,ATG
Argentina,AR,ARG
Armenia,AM,ARM
Aruba,AW,ABW
Australia,AU,AUS
Austria,AT,AUT
Azerbaijan,AZ,AZE
Bahamas,BS,BHS
Bahrain,BH,BHR
Bangladesh,BD,BGD
Barbados,BB,BRB
Belarus,BY,BLR
Belgium,BE,BEL
Belize,BZ,BLZ
Benin,BJ,BEN
Bermuda,BM,BMU
Bhutan,BT,BTN
Bolivia,BO,BOL
Bosnia,BA,BIH
Bosnia & Herzegovina,BA,BIH
Bosnia and Herzegovina,BA,BIH
Botswana,BW,BWA
Bouvet Island,BV,BVT
Brazil,BR,BRA
British Indian Ocean Territory,IO,IOT
British Virgin Islands,VG,VGB
Brunei,BN,BRN
Bulgaria,BG,BGR
Burkina Faso,BF,BFA
Burundi,BI,BDI
Cambodia,KH,KHM
Cameroon,CM,CMR
Canada,CA,CAN
Cape Verde,CV,CPV
Caribbean Netherlands,BQ,BES
Cayman Islands,KY,CYM
Central African Republic,CF,CAF
Chad,TD,TCD
Chile,CL,CHL
China,CN,CHN
Christmas Island,CX,CXR
Cocos (Keeling) Islands,CC,CCK
Colombia,CO,COL
Comoros,KM,COM
Congo - Brazzaville,CG,COG
Congo - Kinshasa,CD,COD
Cook Islands,CK,COK
Costa Rica,CR,CRI
Cote d'Ivoire,CI,CIV
Croatia,HR,HRV
Cuba,CU,CUB
CuraÃ§ao,CW,CUW
Curaçao,CW,CUW
Cyprus,CY,CYP
Czech Republic,CZ,CZE
Czechia,CZ,CZE
CÃ´te dâ€™Ivoire,CI,CIV
Côte d’Ivoire,CI,CIV
Default,ZZ,ZZZ
Default (toto country group),ZZ,ZZZ
Denmark,DK,DNK
Djibouti,DJ,DJI
Dominica,DM,DMA
Dominican Republic,DO,DOM
Ecuador,EC,ECU
Egypt,EG,EGY
El Salvador,SV,SLV
Equatorial Guinea,GQ,GNQ
Eritrea,ER,ERI
Estonia,EE,EST
Eswatini,SZ,SWZ
Ethiopia,ET,ETH
Falkland Islands,FK,FLK
Falkland Islands (Islas Malvinas),FK,FLK
Faroe Islands,FO,FRO
Fiji,FJ,FJI
Finland,FI,FIN
France,FR,FRA
French Guiana,GF,GUF
French Polynesia,PF,PYF
French Southern Territories,TF,ATF
Gabon,GA,GAB
Gambia,GM,GMB
Georgia,GE,GEO
Germany,DE,DEU
Ghana,GH,GHA
Gibraltar,GI,GIB
Greece,GR,GRC
Greenland,GL,GRL
Grenada,GD,GRD
Guadeloupe,GP,GLP
Guam,GU,GUM
Guatemala,GT,GTM
Guernsey,GG,GGY
Guinea,GN,GIN
Guinea-Bissau,GW,GNB
Guyana,GY,GUY
Haiti,HT,HTI
Heard & McDonald Islands,HM,HMD
Heard and McDonald Islands,HM,HMD
Honduras,HN,HND
Hong Kong,HK,HKG
Hungary,HU,HUN
Iceland,IS,ISL
India,IN,IND
Indonesia,ID,IDN
Iran,IR,IRN
Iraq,IQ,IRQ
Ireland,IE,IRL
Isle of Man,IM,IMN
Israel,IL,ISR
Italy,IT,ITA
Jamaica,JM,JAM
Japan,JP,JPN
Jersey,JE,JEY
Jordan,JO,JOR
Kazakhstan,KZ,KAZ
Kenya,KE,KEN
Kiribati,KI,KIR
Kosovo,XK,XXK
Kuwait,KW,KWT
Kyrgyzstan,KG,KGZ
Laos,LA,LAO
Latvia,LV,LVA
Lebanon,LB,LBN
Lesotho,LS,LSO
Liberia,LR,LBR
Libya,LY,LBY
Liechtenstein,LI,LIE
Lithuania,LT,LTU
Luxembourg,LU,LUX
Macao,MO,MAC
Macau,MO,MAC
Macedonia,MK,MKD
Madagascar,MG,MDG
Malawi,MW,MWI
Malaysia,MY,MYS
Maldives,MV,MDV
Mali,ML,MLI
Malta,MT,MLT
Marshall Islands,MH,MHL
Martinique,MQ,MTQ
Mauritania,MR,MRT
Mauritius,MU,MUS
Mayotte,YT,MYT
Mexico,MX,MEX
Micronesia,FM,FSM
Moldova,MD,MDA
Monaco,MC,MCO
Mongolia,MN,MNG
Montenegro,ME,MNE
Montserrat,MS,MSR
Morocco,MA,MAR
Mozambique,MZ,MOZ
Myanmar,MM,MMR
Myanmar (Burma),BU,BUR
Myanmar (Burma),MM,MMR
Namibia,NA,NAM
Nauru,NR,NRU
Nepal,NP,NPL
Netherlands,NL,NLD
New Caledonia,NC,NCL
New Zealand,NZ,NZL
Nicaragua,NI,NIC
Niger,NE,NER
Nigeria,NG,NGA
Niue,NU,NIU
Norfolk Island,NF,NFK
North Korea,KP,PRK
North Macedonia,MK,MKD
Northern Mariana Islands,MP,MNP
Norway,NO,NOR
Oman,OM,OMN
Pakistan,PK,PAK
Palau,PW,PLW
Palestine,PS,PSE
Panama,PA,PAN
Papua New Guinea,PG,PNG
Paraguay,PY,PRY
Peru,PE,PER
Philippines,PH,PHL
Pitcairn Islands,PN,PCN
Poland,PL,POL
Portugal,PT,PRT
Puerto Rico,PR,PRI
Qatar,QA,QAT
Reunion,RE,REU
Romania,RO,ROU
Russia,RU,RUS
Rwanda,RW,RWA
RÃ©union,RE,REU
Réunion,RE,REU
Samoa,WS,WSM
San Marino,SM,SMR
Sao Tome and Principe,ST,STP
Saudi Arabia,SA,SAU
Senegal,SN,SEN
Serbia,RS,SRB
Seychelles,SC,SYC
Sierra Leone,SL,SLE
Singapore,SG,SGP
Sint Maarten,SX,SXM
Slovakia,SK,SVK
Slovenia,SI,SVN
Solomon Islands,SB,SLB
Somalia,SO,SOM
South Africa,ZA,ZAF
South Georgia & South Sandwich Islands,GS,SGS
South Georgia and South Sandwich Islands,GS,SGS
South Korea,KR,KOR
South Sudan,SS,SSD
Spain,ES,ESP
Sri Lanka,LK,LKA
St. BarthÃ©lemy,BL,BLM
St. Barthélemy,BL,BLM
St. Helena,SH,SHN
St. Kitts & Nevis,KN,KNA
St. Kitts and Nevis,KN,KNA
St. Lucia,LC,LCA
St. Martin,MF,MAF
St. Pierre & Miquelon,PM,SPM
St. Pierre and Miquelon,PM,SPM
St. Vincent & Grenadines,VC,VCT
St. Vincent and Grenadines,VC,VCT
Sudan,SD,SDN
Suriname,SR,SUR
Svalbard & Jan Mayen,SJ,SJM
Svalbard and Jan Mayen,SJ,SJM
Swaziland,SZ,SWZ
Sweden,SE,SWE
Switzerland,CH,CHE
Syria,SY,SYR
SÃ£o TomÃ© & PrÃ­ncipe,ST,STP
São Tomé & Príncipe,ST,STP
São Tomé and Príncipe,ST,STP
Taiwan,TW,TWN
Tajikistan,TJ,TJK
Tanzania,TZ,TZA
Thailand,TH,THA
The Bahamas,BS,BHS
Timor-Leste,TL,TLS
Togo,TG,TGO
Tokelau,TK,TKL
Tonga,TO,TON
Trinidad & Tobago,TT,TTO
Trinidad and Tobago,TT,TTO
Tunisia,TN,TUN
Turkey,TR,TUR
Turkiye,TR,TUR
Turkmenistan,TM,TKM
Turks & Caicos Islands,TC,TCA
Turks and Caicos Islands,TC,TCA
Tuvalu,TV,TUV
Türkiye,TR,TUR
U.S. Outlying Islands,UM,UMI
U.S. Virgin Islands,VI,VIR
Uganda,UG,UGA
Ukraine,UA,UKR
United Arab Emirates,AE,ARE
United Kingdom,GB,GBR
United States,US,USA
Uruguay,UY,URY
Uzbekistan,UZ,UZB
Vanuatu,VU,VUT
Vatican City,VA,VAT
Venezuela,VE,VEN
Vietnam,VN,VNM
Wallis & Futuna,WF,WLF
Wallis and Futuna,WF,WLF
Western Sahara,EH,ESH
Yemen,YE,YEM
Zambia,ZM,ZMB
Zimbabwe,ZW,ZWE
Ã…land Islands,AX,ALA
Åland Islands,AX,ALA
