country,country_code,country_code_3
Chad,TD,TCD
Cuba,CU,CUB
Fiji,FJ,FJI
Guam,GU,GUM
Iran,IR,IRN
Iraq,IQ,IRQ
Laos,LA,LAO
Mali,ML,MLI
Niue,NU,NIU
Oman,OM,OMN
Peru,PE,PER
Togo,TG,TGO
Aruba,AW,ABW
Benin,BJ,BEN
Chile,CL,CHL
China,CN,CHN
Egypt,EG,EGY
Gabon,GA,GAB
Ghana,GH,GHA
Haiti,HT,HTI
India,IN,IND
Italy,IT,ITA
Japan,JP,JPN
Kenya,KE,KEN
Libya,LY,LBY
Macau,MO,MAC
Malta,MT,MLT
Nauru,NR,NRU
Nepal,NP,NPL
Niger,NE,NER
Palau,PW,PLW
Qatar,QA,QAT
Samoa,WS,WSM
Spain,ES,ESP
Sudan,SD,SDN
Syria,SY,SYR
Tonga,TO,TON
Yemen,YE,YEM
Angola,AO,AGO
Belize,BZ,BLZ
Bhutan,BT,BTN
Brazil,BR,BRA
Brunei,BN,BRN
Canada,CA,CAN
Cyprus,CY,CYP
France,FR,FRA
Gambia,GM,GMB
Greece,GR,GRC
Guinea,GN,GIN
Guyana,GY,GUY
Israel,IL,ISR
Jersey,JE,JEY
Jordan,JO,JOR
Kosovo,XK,XXK
Kuwait,KW,KWT
Latvia,LV,LVA
Malawi,MW,MWI
Mexico,MX,MEX
Monaco,MC,MCO
Norway,NO,NOR
Panama,PA,PAN
Poland,PL,POL
Russia,RU,RUS
Rwanda,RW,RWA
Serbia,RS,SRB
Sweden,SE,SWE
Taiwan,TW,TWN
Tuvalu,TV,TUV
Uganda,UG,UGA
Zambia,ZM,ZMB
Albania,AL,ALB
Algeria,DZ,DZA
Andorra,AD,AND
Armenia,AM,ARM
Austria,AT,AUT
Bahamas,BS,BHS
Bahrain,BH,BHR
Belarus,BY,BLR
Belgium,BE,BEL
Bermuda,BM,BMU
Bolivia,BO,BOL
Burundi,BI,BDI
Comoros,KM,COM
Croatia,HR,HRV
Czechia,CZ,CZE
Default,ZZ,ZZZ
Denmark,DK,DNK
Ecuador,EC,ECU
Eritrea,ER,ERI
Estonia,EE,EST
Finland,FI,FIN
Georgia,GE,GEO
Germany,DE,DEU
Grenada,GD,GRD
Hungary,HU,HUN
Iceland,IS,ISL
Ireland,IE,IRL
Jamaica,JM,JAM
Lebanon,LB,LBN
Lesotho,LS,LSO
Liberia,LR,LBR
Mayotte,YT,MYT
Moldova,MD,MDA
Morocco,MA,MAR
Namibia,NA,NAM
Nigeria,NG,NGA
Romania,RO,ROU
Senegal,SN,SEN
Somalia,SO,SOM
Tokelau,TK,TKL
Tunisia,TN,TUN
Ukraine,UA,UKR
Uruguay,UY,URY
Vanuatu,VU,VUT
Vietnam,VN,VNM
Anguilla,AI,AIA
Barbados,BB,BRB
Botswana,BW,BWA
Bulgaria,BG,BGR
Cambodia,KH,KHM
Cameroon,CM,CMR
Colombia,CO,COL
Curaçao,CW,CUW
Djibouti,DJ,DJI
Dominica,DM,DMA
Ethiopia,ET,ETH
Guernsey,GG,GGY
Honduras,HN,HND
Kiribati,KI,KIR
Malaysia,MY,MYS
Maldives,MV,MDV
Mongolia,MN,MNG
Pakistan,PK,PAK
Paraguay,PY,PRY
Portugal,PT,PRT
Réunion,RE,REU
Slovakia,SK,SVK
Slovenia,SI,SVN
Suriname,SR,SUR
Tanzania,TZ,TZA
Thailand,TH,THA
Türkiye,TR,TUR
Zimbabwe,ZW,ZWE
Argentina,AR,ARG
Australia,AU,AUS
Gibraltar,GI,GIB
Greenland,GL,GRL
Guatemala,GT,GTM
Hong Kong,HK,HKG
Indonesia,ID,IDN
Lithuania,LT,LTU
Mauritius,MU,MUS
Nicaragua,NI,NIC
Palestine,PS,PSE
Singapore,SG,SGP
Sri Lanka,LK,LKA
St. Lucia,LC,LCA
Swaziland,SZ,SWZ
Venezuela,VE,VEN
Antarctica,AQ,ATA
Azerbaijan,AZ,AZE
Bangladesh,BD,BGD
Cape Verde,CV,CPV
Costa Rica,CR,CRI
Guadeloupe,GP,GLP
Kazakhstan,KZ,KAZ
Kyrgyzstan,KG,KGZ
Luxembourg,LU,LUX
Madagascar,MG,MDG
Martinique,MQ,MTQ
Mauritania,MR,MRT
Micronesia,FM,FSM
Montenegro,ME,MNE
Montserrat,MS,MSR
Mozambique,MZ,MOZ
San Marino,SM,SMR
Seychelles,SC,SYC
St. Helena,SH,SHN
St. Martin,MF,MAF
Tajikistan,TJ,TJK
Uzbekistan,UZ,UZB
Afghanistan,AF,AFG
El Salvador,SV,SLV
Isle of Man,IM,IMN
Netherlands,NL,NLD
New Zealand,NZ,NZL
North Korea,KP,PRK
Philippines,PH,PHL
Puerto Rico,PR,PRI
South Korea,KR,KOR
South Sudan,SS,SSD
Switzerland,CH,CHE
Timor-Leste,TL,TLS
Burkina Faso,BF,BFA
Cook Islands,CK,COK
Saudi Arabia,SA,SAU
Sierra Leone,SL,SLE
Sint Maarten,SX,SXM
South Africa,ZA,ZAF
Turkmenistan,TM,TKM
Vatican City,VA,VAT
Bouvet Island,BV,BVT
Faroe Islands,FO,FRO
French Guiana,GF,GUF
Guinea-Bissau,GW,GNB
Liechtenstein,LI,LIE
New Caledonia,NC,NCL
United States,US,USA
American Samoa,AS,ASM
Cayman Islands,KY,CYM
Norfolk Island,NF,NFK
United Kingdom,GB,GBR
Western Sahara,EH,ESH
Åland Islands,AX,ALA
Myanmar (Burma),BU,BUR
Myanmar (Burma),MM,MMR
North Macedonia,MK,MKD
Solomon Islands,SB,SLB
St. Barthélemy,BL,BLM
Christmas Island,CX,CXR
Congo - Kinshasa,CD,COD
Côte d’Ivoire,CI,CIV
French Polynesia,PF,PYF
Marshall Islands,MH,MHL
Papua New Guinea,PG,PNG
Pitcairn Islands,PN,PCN
Equatorial Guinea,GQ,GNQ
Wallis and Futuna,WF,WLF
Dominican Republic,DO,DOM
Antigua and Barbuda,AG,ATG
Congo - Brazzaville,CG,COG
St. Kitts and Nevis,KN,KNA
Trinidad and Tobago,TT,TTO
U.S. Virgin Islands,VI,VIR
United Arab Emirates,AE,ARE
Caribbean Netherlands,BQ,BES
U.S. Outlying Islands,UM,UMI
Bosnia and Herzegovina,BA,BIH
British Virgin Islands,VG,VGB
Svalbard and Jan Mayen,SJ,SJM
Cocos (Keeling) Islands,CC,CCK
St. Pierre and Miquelon,PM,SPM
Central African Republic,CF,CAF
Northern Mariana Islands,MP,MNP
São Tomé and Príncipe,ST,STP
Turks and Caicos Islands,TC,TCA
Heard and McDonald Islands,HM,HMD
St. Vincent and Grenadines,VC,VCT
French Southern Territories,TF,ATF
British Indian Ocean Territory,IO,IOT
Falkland Islands (Islas Malvinas),FK,FLK
South Georgia and South Sandwich Islands,GS,SGS
Undefined,unknown,unknown
unknown,Undefined,unknown
