date,campaign,country,costILS
2022-01-25,DM | World | Install,Chile,1.37
2022-01-25,Yoga | USA | Install,United States,2.23
2022-01-25,QR CODE | World | Install - ???,Chile,0.05
2022-01-21,DM | World | Install,Chile,0.26
2022-03-28,Yoga | World | Value_ADSONLY,Turkiye,4.35
2022-03-28,Quran | Arab | Install,Qatar,0.53
2022-03-28,Quran | Arab | Install,Saudi Arabia,6.02
2022-03-28,Quran | Arab | Install,United Arab Emirates,0.82
2022-03-28,Quran | Arab | Install,Kuwait,0.66
2022-03-28,Yoga | World | Value_ADSONLY,Ukraine,1.98
2022-03-28,Yoga | World | Value_ADSONLY,Lebanon,0.96
2022-03-28,Yoga | World | Value_ADSONLY,Indonesia,0.89
2022-03-28,Yoga | World | Value_ADSONLY,Bangladesh,1.76
2022-03-28,Yoga | World | Value_ADSONLY,Malta,1.17
2022-03-28,Yoga | World | Value_ADSONLY,Philippines,2.97
2022-03-28,Yoga | World | Value_ADSONLY,South Africa,2.69
2022-03-28,Yoga | World | Value_ADSONLY,Romania,2
2022-03-28,Yoga | World | Value_ADSONLY,India,21.79
2022-03-28,Yoga | World | Value_ADSONLY,Latvia,1.44
2022-03-28,Yoga | World | Value_ADSONLY,Ghana,0.66
2022-03-28,Yoga | World | Value_ADSONLY,Iraq,2.92
2022-03-28,Yoga | World | Value_ADSONLY,Egypt,14.88
2022-03-28,Yoga | World | Value_ADSONLY,Cyprus,0.71
2022-03-28,Yoga | World | Value_ADSONLY,Uganda,0.66
2022-03-28,Yoga | World | Value_ADSONLY,Nigeria,1.59
2022-03-28,Yoga | World | Value_ADSONLY,Lithuania,2.1
2022-03-28,Yoga | World | Value_ADSONLY,Bahrain,0.51
2022-03-28,Yoga | World | Value_ADSONLY,Azerbaijan,0.59
2022-03-28,Yoga | World | Value_ADSONLY,Pakistan,10.44
2022-03-28,Yoga | World | Value_ADSONLY,Slovenia,1.12
2022-03-28,Yoga | World | Value_ADSONLY,Serbia,0.51
2022-03-28,Yoga | World | Value_ADSONLY,Jamaica,4.28
2022-03-28,Yoga | World | Value_ADSONLY,Croatia,0.54
2022-03-28,Yoga | World | Value_ADSONLY,Vietnam,0.48
2022-03-28,Yoga | World | Value_ADSONLY,Slovakia,1.03
2022-03-28,Yoga | World | Value_ADSONLY,Israel,0.29
2022-03-28,Yoga | World | Value_ADSONLY,Zimbabwe,0.77
2022-03-28,Yoga | World | Value_ADSONLY,Saudi Arabia,0.6
2022-03-28,Yoga | World | Value_ADSONLY,Estonia,0.4
2022-03-28,Yoga | World | Value_ADSONLY,Oman,0.53
2022-03-28,Yoga | World | Value_ADSONLY,Czechia,1.05
2022-03-28,Yoga | World | Value_ADSONLY,Morocco,0.43
2022-03-28,Yoga | World | Value_ADSONLY,Kenya,1.58
2022-03-28,Yoga | World | Value_ADSONLY,Nepal,0.82
2022-03-28,Yoga | World | Value_ADSONLY,Papua New Guinea,0.3
2022-03-28,Yoga | World | Value_ADSONLY,Malaysia,0.94
2022-03-28,Yoga | World | Value_ADSONLY,Sri Lanka,0.37
2022-03-28,Yoga | World | Value_ADSONLY,Germany,0.5
2022-03-28,Yoga | World | Value_ADSONLY,United Kingdom,0.37
2022-03-28,Yoga | World | Value_ADSONLY,United Arab Emirates,0.94
2022-03-28,Rocket Music Player | Toptier | Install,South Korea,4.34
2022-03-28,Rocket Music Player | Toptier | Install,United Kingdom,12.5
2022-03-28,Rocket Music Player | Toptier | Install,Singapore,35.72
2022-03-28,Rocket Music Player | Toptier | Install,New Zealand,0.66
2022-03-28,Rocket Music Player | Toptier | Install,Canada,6.4
2022-03-28,Rocket Music Player | Toptier | Install,Japan,5.37
2022-03-28,Rocket Music Player | Toptier | Install,United States,19.95
2022-03-28,Rocket Music Player | Toptier | Install,Switzerland,3.28
2022-03-28,Yoga | World | Value_ADSONLY,France,0.09
2022-03-28,QR CODE | World | Install - ???,Chile,0.09
2022-03-28,Yoga | World | Value_ADSONLY,Qatar,0.18
2022-03-28,Yoga | World | Value_ADSONLY,Kazakhstan,0.11
2022-03-28,Yoga | World | Value_ADSONLY,Austria,0.11
2022-03-28,Yoga | World | Value_ADSONLY,Finland,0.11
2022-03-28,Yoga | World | Value_ADSONLY,Bosnia and Herzegovina,0.11
2022-03-28,Yoga | World | Value_ADSONLY,Ireland,0.11
2022-03-28,Yoga | World | Value_ADSONLY,Mexico,0.11
2022-03-28,Yoga | World | Value_ADSONLY,Martinique,0.01
2022-03-28,Yoga | World | Value_ADSONLY,French Polynesia,0.01
2022-03-28,Yoga | World | Value_ADSONLY,Bolivia,0.01
2022-03-28,Yoga | World | Value_ADSONLY,Western Sahara,0.01
2022-03-28,Yoga | World | Value_ADSONLY,Bermuda,0.01
2022-03-28,Yoga | World | Value_ADSONLY,Honduras,0.01
2022-03-28,Yoga | World | Value_ADSONLY,Northern Mariana Islands,0.01
2022-03-28,Yoga | World | Value_ADSONLY,Canada,0.01
2022-03-28,Yoga | World | Value_ADSONLY,French Guiana,0.01
2022-03-28,Yoga | World | Value_ADSONLY,Gibraltar,0.01
2022-03-28,Yoga | World | Value_ADSONLY,Guatemala,0.01
2022-03-28,Yoga | World | Value_ADSONLY,Paraguay,0.01
2022-03-28,Yoga | World | Value_ADSONLY,British Virgin Islands,0.02
2022-03-28,Yoga | World | Value_ADSONLY,Switzerland,0.02
2022-03-28,Yoga | World | Value_ADSONLY,Chile,0.02
2022-03-28,Yoga | World | Value_ADSONLY,El Salvador,0.02
2022-03-28,Yoga | World | Value_ADSONLY,Puerto Rico,0.02
2022-03-28,Yoga | World | Value_ADSONLY,Caribbean Netherlands,0.02
2022-03-28,Yoga | World | Value_ADSONLY,Panama,0.02
2022-03-28,Yoga | World | Value_ADSONLY,Taiwan,0.02
2022-03-28,Yoga | World | Value_ADSONLY,Colombia,0.04
2022-03-28,Yoga | World | Value_ADSONLY,Ecuador,0.04
2022-03-28,Yoga | World | Value_ADSONLY,Guadeloupe,0.04
2022-03-28,Yoga | World | Value_ADSONLY,Belarus,0.04
2022-03-28,Yoga | World | Value_ADSONLY,Georgia,0.32
2022-03-28,Yoga | World | Value_ADSONLY,Tanzania,0.32
2022-03-28,Yoga | World | Value_ADSONLY,Jordan,0.32
2022-03-28,Yoga | World | Value_ADSONLY,Netherlands,0.05
2022-03-28,Yoga | World | Value_ADSONLY,Costa Rica,0.05
2022-03-28,Yoga | World | Value_ADSONLY,Portugal,0.05
2022-03-28,Yoga | World | Value_ADSONLY,Peru,0.05
2022-03-28,Yoga | World | Value_ADSONLY,Montenegro,0.05
2022-03-28,Yoga | World | Value_ADSONLY,Jersey,0.05
2022-03-28,Yoga | World | Value_ADSONLY,Sweden,0.1
2022-03-28,Yoga | World | Value_ADSONLY,Denmark,0.1
2022-03-28,Yoga | World | Value_ADSONLY,Senegal,0.1
2022-03-28,Yoga | World | Value_ADSONLY,Libya,0.1
2022-03-28,Yoga | World | Value_ADSONLY,Hungary,0.2
2022-03-28,Yoga | World | Value_ADSONLY,North Macedonia,0.26
2022-03-28,Yoga | World | Value_ADSONLY,Cayman Islands,0.03
2022-03-28,Yoga | World | Value_ADSONLY,Turks and Caicos Islands,0.03
2022-03-28,Yoga | World | Value_ADSONLY,Hong Kong,0.03
2022-03-28,Yoga | World | Value_ADSONLY,Spain,0.03
2022-03-28,Yoga | World | Value_ADSONLY,American Samoa,0.03
2022-03-28,Yoga | World | Value_ADSONLY,Luxembourg,0.03
2022-03-28,Yoga | World | Value_ADSONLY,United States,0.03
2022-03-28,Yoga | World | Value_ADSONLY,Norway,0.03
2022-03-28,Yoga | World | Value_ADSONLY,Argentina,0.03
2022-03-28,Yoga | World | Value_ADSONLY,Brazil,0.03
2022-03-28,Yoga | World | Value_ADSONLY,Guernsey,0.03
2022-03-28,Yoga | World | Value_ADSONLY,U.S. Virgin Islands,0.03
2022-03-28,Yoga | World | Value_ADSONLY,Singapore,0.06
2022-03-28,Yoga | World | Value_ADSONLY,Poland,0.06
2022-03-28,Yoga | World | Value_ADSONLY,Sint Maarten,0.06
2022-03-28,Yoga | World | Value_ADSONLY,Aruba,0.06
2022-03-28,Yoga | World | Value_ADSONLY,Yemen,0.12
2022-03-28,Yoga | World | Value_ADSONLY,Dominican Republic,0.12
2022-03-28,Yoga | World | Value_ADSONLY,Greece,0.24
2022-03-28,Yoga | World | Value_ADSONLY,Algeria,0.24
2022-03-28,Yoga | World | Value_ADSONLY,Bulgaria,0.31
2022-03-28,Yoga | World | Value_ADSONLY,Kuwait,0.31
2022-03-28,Yoga | World | Value_ADSONLY,Tunisia,0.21
2022-03-28,Yoga | World | Value_ADSONLY,Italy,0.21
2022-03-28,Yoga | World | Value_ADSONLY,Thailand,0.21
2022-03-28,Yoga | World | Value_ADSONLY,Reunion,0.07
2022-03-28,Yoga | World | Value_ADSONLY,Guam,0.07
2022-03-28,Yoga | World | Value_ADSONLY,Belgium,0.07
2022-03-28,Yoga | World | Value_ADSONLY,Curacao,0.14
2022-03-28,Yoga | World | Value_ADSONLY,Iceland,0.14
2022-02-06,DM | World | Install,Chile,0.65
2022-02-06,Yoga | USA | Install,United States,18.76
2022-02-07,DM | World | Install,Chile,0.79
2022-02-07,Yoga | USA | Install,United States,15.77
2022-02-07,QR CODE | World | Install - ???,Chile,0.23
2022-01-18,DM | World | Install,Chile,0.31
2022-01-18,QR CODE | World | Install - ???,Chile,0.08
2022-03-31,Quran | Arab | Install,Qatar,0.82
2022-03-31,Quran | Arab | Install,Saudi Arabia,6.42
2022-03-31,Quran | Arab | Install,United Arab Emirates,1.55
2022-03-31,Quran | Arab | Install,Kuwait,0.69
2022-03-31,Rocket Music Player | Toptier | Install,South Korea,3.83
2022-03-31,Rocket Music Player | Toptier | Install,Singapore,29.38
2022-03-31,Rocket Music Player | Toptier | Install,United Kingdom,16.49
2022-03-31,Rocket Music Player | Toptier | Install,New Zealand,1.41
2022-03-31,Rocket Music Player | Toptier | Install,Canada,5.8
2022-03-31,Rocket Music Player | Toptier | Install,Japan,8.91
2022-03-31,Rocket Music Player | Toptier | Install,United States,20.25
2022-03-31,Rocket Music Player | Toptier | Install,Switzerland,4.59
2022-03-31,QR CODE | World | Install - ???,Chile,0.19
2022-03-07,Rocket Music Player | Toptier | Install,South Korea,1.32
2022-03-07,Rocket Music Player | Toptier | Install,Switzerland,1.95
2022-03-07,Rocket Music Player | Toptier | Install,Singapore,10.25
2022-03-07,Rocket Music Player | Toptier | Install,Canada,3.82
2022-03-07,Rocket Music Player | Toptier | Install,United States,14.13
2022-03-07,Rocket Music Player | Toptier | Install,Japan,1.77
2022-03-07,Rocket Music Player | Toptier | Install,New Zealand,0.79
2022-03-07,Rocket Music Player | Toptier | Install,United Kingdom,8.93
2022-03-07,QR CODE | World | Install - ???,Chile,0.04
2022-03-30,Quran | Arab | Install,Qatar,0.7
2022-03-30,Quran | Arab | Install,Saudi Arabia,5.6
2022-03-30,Quran | Arab | Install,United Arab Emirates,0.77
2022-03-30,QR CODE | World | Install - ???,Chile,0.47
2022-03-30,Rocket Music Player | Toptier | Install,South Korea,5.68
2022-03-30,Rocket Music Player | Toptier | Install,Singapore,28.6
2022-03-30,Rocket Music Player | Toptier | Install,United Kingdom,17.53
2022-03-30,Rocket Music Player | Toptier | Install,New Zealand,1.12
2022-03-30,Rocket Music Player | Toptier | Install,Canada,4.96
2022-03-30,Rocket Music Player | Toptier | Install,Japan,6.64
2022-03-30,Rocket Music Player | Toptier | Install,United States,18.16
2022-03-30,Rocket Music Player | Toptier | Install,Switzerland,4.51
2022-03-30,Yoga | World | Value_ADSONLY,India,0.01
2022-03-30,Quran | Arab | Install,Kuwait,0.26
2022-01-14,DM | World | Install,Chile,0.14
2022-02-21,QR CODE | World | Install - ???,Chile,0.1
2022-03-10,Rocket Music Player | Toptier | Install,South Korea,5.02
2022-03-10,Rocket Music Player | Toptier | Install,Switzerland,5.91
2022-03-10,Rocket Music Player | Toptier | Install,Singapore,23.97
2022-03-10,Rocket Music Player | Toptier | Install,Canada,8.23
2022-03-10,Rocket Music Player | Toptier | Install,Japan,6.5
2022-03-10,Rocket Music Player | Toptier | Install,United States,40.59
2022-03-10,Rocket Music Player | Toptier | Install,New Zealand,1.23
2022-03-10,Rocket Music Player | Toptier | Install,United Kingdom,28.22
2022-03-10,QR CODE | World | Install - ???,Chile,0.08
2022-02-10,DM | World | Install,Chile,0.66
2022-02-10,Yoga | USA | Install,United States,11.22
2022-02-10,QR CODE | World | Install - ???,Chile,0.14
2022-01-08,DM | World | Install,Turkiye,0.67
2022-01-08,DM | World | Install,Philippines,0.9
2022-01-08,DM | World | Install,Pakistan,0.91
2022-01-08,DM | World | Install,Mexico,0.82
2022-01-08,DM | World | Install,Nigeria,0.61
2022-01-08,DM | World | Install,Argentina,0.46
2022-01-08,DM | World | Install,Brazil,2.47
2022-01-08,DM | World | Install,Kenya,0.35
2022-01-08,DM | World | Install,India,5.39
2022-01-08,DM | World | Install,Colombia,0.49
2022-01-08,DM | World | Install,United States,0.29
2022-01-08,DM | World | Install,Venezuela,0.09
2022-01-08,DM | World | Install,Burkina Faso,0.09
2022-01-08,DM | World | Install,Iran,0.09
2022-01-08,DM | World | Install,Ecuador,0.09
2022-01-08,DM | World | Install,Chile,0.09
2022-01-08,DM | World | Install,Tanzania,0.18
2022-01-08,DM | World | Install,Egypt,0.47
2022-01-08,DM | World | Install,Bahrain,0.11
2022-01-08,DM | World | Install,Indonesia,0.44
2022-01-08,DM | World | Install,Romania,0.15
2022-01-08,DM | World | Install,Russia,0.15
2022-01-08,DM | World | Install,Thailand,0.15
2022-01-08,DM | World | Install,Malaysia,0.19
2022-01-08,DM | World | Install,Peru,0.19
2022-01-08,DM | World | Install,France,0.19
2022-01-08,DM | World | Install,Saudi Arabia,0.23
2022-01-08,DM | World | Install,Togo,0.01
2022-01-08,DM | World | Install,Guinea,0.01
2022-01-08,DM | World | Install,Germany,0.01
2022-01-08,DM | World | Install,Cote d'Ivoire,0.01
2022-01-08,DM | World | Install,Andorra,0.01
2022-01-08,DM | World | Install,Honduras,0.01
2022-01-08,DM | World | Install,Greece,0.02
2022-01-08,DM | World | Install,Gabon,0.02
2022-01-08,DM | World | Install,Panama,0.02
2022-01-08,DM | World | Install,United Kingdom,0.02
2022-01-08,DM | World | Install,Tunisia,0.02
2022-01-08,DM | World | Install,Slovakia,0.02
2022-01-08,DM | World | Install,Mali,0.02
2022-01-08,DM | World | Install,Rwanda,0.02
2022-01-08,DM | World | Install,Serbia,0.04
2022-01-08,DM | World | Install,Myanmar (Burma),0.04
2022-01-08,DM | World | Install,Estonia,0.04
2022-01-08,DM | World | Install,Israel,0.04
2022-01-08,DM | World | Install,Morocco,0.04
2022-01-08,DM | World | Install,Singapore,0.04
2022-01-08,DM | World | Install,North Macedonia,0.04
2022-01-08,DM | World | Install,Zambia,0.04
2022-01-08,DM | World | Install,Trinidad and Tobago,0.04
2022-01-08,DM | World | Install,New Zealand,0.04
2022-01-08,DM | World | Install,Mauritius,0.04
2022-01-08,DM | World | Install,Australia,0.04
2022-01-08,DM | World | Install,Costa Rica,0.08
2022-01-08,DM | World | Install,Albania,0.08
2022-01-08,DM | World | Install,Ghana,0.08
2022-01-08,DM | World | Install,Sri Lanka,0.16
2022-01-08,DM | World | Install,Belarus,0.05
2022-01-08,DM | World | Install,Uganda,0.1
2022-01-08,DM | World | Install,Algeria,0.2
2022-01-08,DM | World | Install,Paraguay,0.03
2022-01-08,DM | World | Install,El Salvador,0.03
2022-01-08,DM | World | Install,Spain,0.03
2022-01-08,DM | World | Install,Uruguay,0.03
2022-01-08,DM | World | Install,Angola,0.03
2022-01-08,DM | World | Install,Cambodia,0.03
2022-01-08,DM | World | Install,Azerbaijan,0.03
2022-01-08,DM | World | Install,Puerto Rico,0.03
2022-01-08,DM | World | Install,Zimbabwe,0.03
2022-01-08,DM | World | Install,Mozambique,0.03
2022-01-08,DM | World | Install,Cameroon,0.06
2022-01-08,DM | World | Install,Bolivia,0.06
2022-01-08,DM | World | Install,Nepal,0.06
2022-01-08,DM | World | Install,Slovenia,0.12
2022-01-08,DM | World | Install,Bangladesh,0.24
2022-01-08,DM | World | Install,Lebanon,0.17
2022-01-08,DM | World | Install,South Africa,0.21
2022-01-08,DM | World | Install,Iraq,0.21
2022-01-08,DM | World | Install,Poland,0.07
2022-01-08,DM | World | Install,Ukraine,0.07
2022-01-08,DM | World | Install,Vietnam,0.14
2022-03-24,Quran | Arab | Install,Qatar,0.49
2022-03-24,Quran | Arab | Install,Saudi Arabia,3.18
2022-03-24,Quran | Arab | Install,United Arab Emirates,0.67
2022-03-24,Rocket Music Player | Toptier | Install,South Korea,9.67
2022-03-24,Rocket Music Player | Toptier | Install,United Kingdom,14.5
2022-03-24,Rocket Music Player | Toptier | Install,Singapore,26.68
2022-03-24,Rocket Music Player | Toptier | Install,New Zealand,2.02
2022-03-24,Rocket Music Player | Toptier | Install,Canada,5.86
2022-03-24,Rocket Music Player | Toptier | Install,Japan,2.89
2022-03-24,Rocket Music Player | Toptier | Install,United States,29.88
2022-03-24,Rocket Music Player | Toptier | Install,Switzerland,4.07
2022-03-24,Quran | Arab | Install,Kuwait,0.33
2022-03-24,QR CODE | World | Install - ???,Chile,0.16
2022-03-11,Rocket Music Player | Toptier | Install,South Korea,4.97
2022-03-11,Rocket Music Player | Toptier | Install,Switzerland,4.96
2022-03-11,Rocket Music Player | Toptier | Install,Singapore,28.26
2022-03-11,Rocket Music Player | Toptier | Install,Canada,7.29
2022-03-11,Rocket Music Player | Toptier | Install,Japan,6.34
2022-03-11,Rocket Music Player | Toptier | Install,United States,32.92
2022-03-11,Rocket Music Player | Toptier | Install,New Zealand,2.32
2022-03-11,Rocket Music Player | Toptier | Install,United Kingdom,28.27
2022-03-11,QR CODE | World | Install - ???,Chile,0.01
2022-01-22,DM | World | Install,Chile,0.38
2022-01-22,QR CODE | World | Install - ???,Chile,0.06
2022-01-04,DM | World | Install,Turkiye,0.44
2022-01-04,DM | World | Install,Philippines,1.25
2022-01-04,DM | World | Install,Pakistan,1.14
2022-01-04,DM | World | Install,Mexico,0.52
2022-01-04,DM | World | Install,Argentina,0.92
2022-01-04,DM | World | Install,Malaysia,0.6
2022-01-04,DM | World | Install,Brazil,2.28
2022-01-04,DM | World | Install,Colombia,0.33
2022-01-04,DM | World | Install,India,4.56
2022-01-04,DM | World | Install,Ecuador,0.09
2022-01-04,DM | World | Install,Uganda,0.11
2022-01-04,DM | World | Install,Bulgaria,0.11
2022-01-04,DM | World | Install,Kenya,0.11
2022-01-04,DM | World | Install,Nigeria,0.27
2022-01-04,DM | World | Install,South Africa,0.23
2022-01-04,DM | World | Install,Bangladesh,0.23
2022-01-04,DM | World | Install,Slovenia,0.01
2022-01-04,DM | World | Install,Tunisia,0.01
2022-01-04,DM | World | Install,Angola,0.02
2022-01-04,DM | World | Install,Jamaica,0.02
2022-01-04,DM | World | Install,Tanzania,0.02
2022-01-04,DM | World | Install,El Salvador,0.04
2022-01-04,DM | World | Install,Kuwait,0.04
2022-01-04,DM | World | Install,Lebanon,0.04
2022-01-04,DM | World | Install,Jordan,0.04
2022-01-04,DM | World | Install,Venezuela,0.04
2022-01-04,DM | World | Install,Myanmar (Burma),0.04
2022-01-04,DM | World | Install,Moldova,0.04
2022-01-04,DM | World | Install,Bahrain,0.04
2022-01-04,DM | World | Install,Bosnia and Herzegovina,0.04
2022-01-04,DM | World | Install,Italy,0.04
2022-01-04,DM | World | Install,Armenia,0.04
2022-01-04,DM | World | Install,Guatemala,0.04
2022-01-04,DM | World | Install,North Macedonia,0.04
2022-01-04,DM | World | Install,Ukraine,0.04
2022-01-04,DM | World | Install,Paraguay,0.04
2022-01-04,DM | World | Install,Croatia,0.04
2022-01-04,DM | World | Install,United States,0.04
2022-01-04,DM | World | Install,United Kingdom,0.08
2022-01-04,DM | World | Install,Namibia,0.08
2022-01-04,DM | World | Install,Nicaragua,0.08
2022-01-04,DM | World | Install,Russia,0.08
2022-01-04,DM | World | Install,Hungary,0.08
2022-01-04,DM | World | Install,Egypt,0.29
2022-01-04,DM | World | Install,Germany,0.05
2022-01-04,DM | World | Install,Peru,0.05
2022-01-04,DM | World | Install,Iran,0.05
2022-01-04,DM | World | Install,Greece,0.05
2022-01-04,DM | World | Install,Cameroon,0.1
2022-01-04,DM | World | Install,Saudi Arabia,0.1
2022-01-04,DM | World | Install,Zimbabwe,0.1
2022-01-04,DM | World | Install,Canada,0.03
2022-01-04,DM | World | Install,Finland,0.03
2022-01-04,DM | World | Install,Poland,0.03
2022-01-04,DM | World | Install,Netherlands,0.03
2022-01-04,DM | World | Install,Bolivia,0.03
2022-01-04,DM | World | Install,Singapore,0.03
2022-01-04,DM | World | Install,Slovakia,0.03
2022-01-04,DM | World | Install,Libya,0.03
2022-01-04,DM | World | Install,Zambia,0.03
2022-01-04,DM | World | Install,Azerbaijan,0.03
2022-01-04,DM | World | Install,Guinea-Bissau,0.03
2022-01-04,DM | World | Install,Sri Lanka,0.06
2022-01-04,DM | World | Install,United Arab Emirates,0.06
2022-01-04,DM | World | Install,Cambodia,0.06
2022-01-04,DM | World | Install,Algeria,0.06
2022-01-04,DM | World | Install,Romania,0.12
2022-01-04,DM | World | Install,Vietnam,0.12
2022-01-04,DM | World | Install,Nepal,0.12
2022-01-04,DM | World | Install,Ghana,0.21
2022-01-04,DM | World | Install,Botswana,0.07
2022-01-04,DM | World | Install,Chile,0.07
2022-01-04,DM | World | Install,Iraq,0.14
2022-01-04,DM | World | Install,Indonesia,0.39
2022-02-09,DM | World | Install,Chile,0.93
2022-02-09,Yoga | USA | Install,United States,16.13
2022-03-21,Rocket Music Player | Toptier | Install,South Korea,5.39
2022-03-21,Rocket Music Player | Toptier | Install,United Kingdom,20.22
2022-03-21,Rocket Music Player | Toptier | Install,Singapore,21.76
2022-03-21,Rocket Music Player | Toptier | Install,New Zealand,1.31
2022-03-21,Rocket Music Player | Toptier | Install,Canada,5.38
2022-03-21,Rocket Music Player | Toptier | Install,Japan,3.86
2022-03-21,Rocket Music Player | Toptier | Install,United States,40.58
2022-03-21,Rocket Music Player | Toptier | Install,Switzerland,4.97
2022-03-21,Quran | Arab | Install,Saudi Arabia,0.08
2022-03-21,Quran | Arab | Install,United Arab Emirates,0.03
2022-03-21,QR CODE | World | Install - ???,Chile,0.12
2022-03-29,Yoga | World | Value_ADSONLY,Turkiye,0.76
2022-03-29,Quran | Arab | Install,Qatar,0.36
2022-03-29,Quran | Arab | Install,Saudi Arabia,4.92
2022-03-29,Quran | Arab | Install,United Arab Emirates,0.9
2022-03-29,Yoga | World | Value_ADSONLY,Ukraine,0.82
2022-03-29,Yoga | World | Value_ADSONLY,Bangladesh,1
2022-03-29,Yoga | World | Value_ADSONLY,Malta,0.3
2022-03-29,Yoga | World | Value_ADSONLY,Philippines,1.28
2022-03-29,Yoga | World | Value_ADSONLY,South Africa,1.61
2022-03-29,Yoga | World | Value_ADSONLY,Romania,0.44
2022-03-29,Yoga | World | Value_ADSONLY,India,4.67
2022-03-29,Yoga | World | Value_ADSONLY,Iraq,0.65
2022-03-29,Yoga | World | Value_ADSONLY,Egypt,5
2022-03-29,Yoga | World | Value_ADSONLY,Uganda,0.43
2022-03-29,Yoga | World | Value_ADSONLY,Nigeria,0.79
2022-03-29,Yoga | World | Value_ADSONLY,Pakistan,3.9
2022-03-29,Yoga | World | Value_ADSONLY,Jamaica,2.74
2022-03-29,Yoga | World | Value_ADSONLY,Zimbabwe,0.61
2022-03-29,Yoga | World | Value_ADSONLY,Kenya,1.24
2022-03-29,Yoga | World | Value_ADSONLY,Nepal,0.54
2022-03-29,Yoga | World | Value_ADSONLY,Malaysia,0.58
2022-03-29,Yoga | World | Value_ADSONLY,Sri Lanka,0.31
2022-03-29,Yoga | World | Value_ADSONLY,United Arab Emirates,0.42
2022-03-29,Rocket Music Player | Toptier | Install,South Korea,5.01
2022-03-29,Rocket Music Player | Toptier | Install,United Kingdom,17.1
2022-03-29,Rocket Music Player | Toptier | Install,Singapore,31.54
2022-03-29,Rocket Music Player | Toptier | Install,New Zealand,0.4
2022-03-29,Rocket Music Player | Toptier | Install,Canada,4.77
2022-03-29,Rocket Music Player | Toptier | Install,Japan,6.39
2022-03-29,Rocket Music Player | Toptier | Install,United States,20.57
2022-03-29,Rocket Music Player | Toptier | Install,Switzerland,2.26
2022-03-29,Yoga | World | Value_ADSONLY,Lithuania,0.25
2022-03-29,Yoga | World | Value_ADSONLY,Algeria,0.09
2022-03-29,Yoga | World | Value_ADSONLY,Greece,0.11
2022-03-29,Yoga | World | Value_ADSONLY,Latvia,0.22
2022-03-29,Yoga | World | Value_ADSONLY,Tanzania,0.22
2022-03-29,Yoga | World | Value_ADSONLY,Kuwait,0.15
2022-03-29,Yoga | World | Value_ADSONLY,Lebanon,0.27
2022-03-29,Yoga | World | Value_ADSONLY,Slovenia,0.27
2022-03-29,Quran | Arab | Install,Kuwait,0.19
2022-03-29,Yoga | World | Value_ADSONLY,Bahrain,0.19
2022-03-29,Yoga | World | Value_ADSONLY,Papua New Guinea,0.23
2022-03-29,Yoga | World | Value_ADSONLY,Sweden,0.01
2022-03-29,Yoga | World | Value_ADSONLY,Greenland,0.01
2022-03-29,Yoga | World | Value_ADSONLY,Hong Kong,0.01
2022-03-29,Yoga | World | Value_ADSONLY,Martinique,0.01
2022-03-29,Yoga | World | Value_ADSONLY,Spain,0.01
2022-03-29,Yoga | World | Value_ADSONLY,New Caledonia,0.01
2022-03-29,Yoga | World | Value_ADSONLY,Bolivia,0.01
2022-03-29,Yoga | World | Value_ADSONLY,American Samoa,0.01
2022-03-29,Yoga | World | Value_ADSONLY,Nicaragua,0.01
2022-03-29,Yoga | World | Value_ADSONLY,Japan,0.01
2022-03-29,Yoga | World | Value_ADSONLY,New Zealand,0.01
2022-03-29,Yoga | World | Value_ADSONLY,Netherlands,0.01
2022-03-29,Yoga | World | Value_ADSONLY,Switzerland,0.01
2022-03-29,Yoga | World | Value_ADSONLY,Australia,0.01
2022-03-29,Yoga | World | Value_ADSONLY,El Salvador,0.01
2022-03-29,Yoga | World | Value_ADSONLY,Costa Rica,0.01
2022-03-29,Yoga | World | Value_ADSONLY,Guadeloupe,0.01
2022-03-29,Yoga | World | Value_ADSONLY,Guam,0.01
2022-03-29,Yoga | World | Value_ADSONLY,Portugal,0.01
2022-03-29,Yoga | World | Value_ADSONLY,Canada,0.01
2022-03-29,Yoga | World | Value_ADSONLY,Brazil,0.01
2022-03-29,Yoga | World | Value_ADSONLY,Mayotte,0.01
2022-03-29,Yoga | World | Value_ADSONLY,Gibraltar,0.01
2022-03-29,Yoga | World | Value_ADSONLY,Panama,0.01
2022-03-29,Yoga | World | Value_ADSONLY,Paraguay,0.01
2022-03-29,Yoga | World | Value_ADSONLY,U.S. Virgin Islands,0.01
2022-03-29,Yoga | World | Value_ADSONLY,Guernsey,0.01
2022-03-29,Yoga | World | Value_ADSONLY,Reunion,0.02
2022-03-29,Yoga | World | Value_ADSONLY,Chile,0.02
2022-03-29,Yoga | World | Value_ADSONLY,Iceland,0.02
2022-03-29,Yoga | World | Value_ADSONLY,Finland,0.02
2022-03-29,Yoga | World | Value_ADSONLY,Bermuda,0.02
2022-03-29,Yoga | World | Value_ADSONLY,Puerto Rico,0.02
2022-03-29,Yoga | World | Value_ADSONLY,Argentina,0.02
2022-03-29,Yoga | World | Value_ADSONLY,Peru,0.02
2022-03-29,Yoga | World | Value_ADSONLY,Belarus,0.02
2022-03-29,Yoga | World | Value_ADSONLY,Montenegro,0.02
2022-03-29,Yoga | World | Value_ADSONLY,Guatemala,0.02
2022-03-29,Yoga | World | Value_ADSONLY,Sint Maarten,0.02
2022-03-29,Yoga | World | Value_ADSONLY,Jersey,0.02
2022-03-29,Yoga | World | Value_ADSONLY,Kazakhstan,0.04
2022-03-29,Yoga | World | Value_ADSONLY,Tunisia,0.04
2022-03-29,Yoga | World | Value_ADSONLY,British Virgin Islands,0.04
2022-03-29,Yoga | World | Value_ADSONLY,United States,0.04
2022-03-29,Yoga | World | Value_ADSONLY,Mexico,0.04
2022-03-29,Yoga | World | Value_ADSONLY,Dominican Republic,0.04
2022-03-29,Yoga | World | Value_ADSONLY,France,0.08
2022-03-29,Yoga | World | Value_ADSONLY,Jordan,0.08
2022-03-29,Yoga | World | Value_ADSONLY,Qatar,0.08
2022-03-29,Yoga | World | Value_ADSONLY,Thailand,0.08
2022-03-29,Yoga | World | Value_ADSONLY,Germany,0.08
2022-03-29,QR CODE | World | Install - ???,Chile,0.32
2022-03-29,Yoga | World | Value_ADSONLY,Cyprus,0.29
2022-03-29,Yoga | World | Value_ADSONLY,Austria,0.05
2022-03-29,Yoga | World | Value_ADSONLY,Hungary,0.05
2022-03-29,Yoga | World | Value_ADSONLY,Ireland,0.05
2022-03-29,Yoga | World | Value_ADSONLY,Serbia,0.2
2022-03-29,Yoga | World | Value_ADSONLY,Croatia,0.2
2022-03-29,Yoga | World | Value_ADSONLY,Slovakia,0.2
2022-03-29,Yoga | World | Value_ADSONLY,North Macedonia,0.13
2022-03-29,Yoga | World | Value_ADSONLY,Georgia,0.13
2022-03-29,Yoga | World | Value_ADSONLY,Morocco,0.13
2022-03-29,Yoga | World | Value_ADSONLY,Azerbaijan,0.26
2022-03-29,Yoga | World | Value_ADSONLY,Cayman Islands,0.03
2022-03-29,Yoga | World | Value_ADSONLY,Turks and Caicos Islands,0.03
2022-03-29,Yoga | World | Value_ADSONLY,Colombia,0.03
2022-03-29,Yoga | World | Value_ADSONLY,Curacao,0.03
2022-03-29,Yoga | World | Value_ADSONLY,Senegal,0.03
2022-03-29,Yoga | World | Value_ADSONLY,Ecuador,0.03
2022-03-29,Yoga | World | Value_ADSONLY,Israel,0.03
2022-03-29,Yoga | World | Value_ADSONLY,Bosnia and Herzegovina,0.03
2022-03-29,Yoga | World | Value_ADSONLY,Poland,0.03
2022-03-29,Yoga | World | Value_ADSONLY,United Kingdom,0.03
2022-03-29,Yoga | World | Value_ADSONLY,Taiwan,0.03
2022-03-29,Yoga | World | Value_ADSONLY,Aruba,0.03
2022-03-29,Yoga | World | Value_ADSONLY,Yemen,0.06
2022-03-29,Yoga | World | Value_ADSONLY,Bulgaria,0.06
2022-03-29,Yoga | World | Value_ADSONLY,Ghana,0.24
2022-03-29,Yoga | World | Value_ADSONLY,Indonesia,0.17
2022-03-29,Yoga | World | Value_ADSONLY,Czechia,0.17
2022-03-29,Yoga | World | Value_ADSONLY,Vietnam,0.21
2022-03-29,Yoga | World | Value_ADSONLY,Libya,0.07
2022-03-29,Yoga | World | Value_ADSONLY,Italy,0.07
2022-03-29,Yoga | World | Value_ADSONLY,Estonia,0.07
2022-03-29,Yoga | World | Value_ADSONLY,Saudi Arabia,0.14
2022-03-29,Yoga | World | Value_ADSONLY,Oman,0.28
2022-01-29,DM | World | Install,Chile,0.67
2022-01-29,Yoga | USA | Install,United States,17.5
2022-01-29,QR CODE | World | Install - ???,Chile,0.08
2022-01-19,DM | World | Install,Chile,0.5
2022-01-19,QR CODE | World | Install - ???,Chile,0.34
2022-03-06,Rocket Music Player | Toptier | Install,South Korea,2.53
2022-03-06,Rocket Music Player | Toptier | Install,Switzerland,1.71
2022-03-06,Rocket Music Player | Toptier | Install,Singapore,8.97
2022-03-06,Rocket Music Player | Toptier | Install,Germany,19.11
2022-03-06,Rocket Music Player | Toptier | Install,Canada,3.06
2022-03-06,Rocket Music Player | Toptier | Install,United States,13.84
2022-03-06,Rocket Music Player | Toptier | Install,Japan,3.26
2022-03-06,Rocket Music Player | Toptier | Install,United Arab Emirates,16.25
2022-03-06,Rocket Music Player | Toptier | Install,United Kingdom,8.35
2022-03-06,Rocket Music Player | Toptier | Install,New Zealand,0.48
2022-03-14,Rocket Music Player | Toptier | Install,South Korea,3.54
2022-03-14,Rocket Music Player | Toptier | Install,Switzerland,4.34
2022-03-14,Rocket Music Player | Toptier | Install,Singapore,27.81
2022-03-14,Rocket Music Player | Toptier | Install,Canada,6.6
2022-03-14,Rocket Music Player | Toptier | Install,United States,29.19
2022-03-14,Rocket Music Player | Toptier | Install,Japan,5.19
2022-03-14,Rocket Music Player | Toptier | Install,New Zealand,2.04
2022-03-14,Rocket Music Player | Toptier | Install,United Kingdom,22.89
2022-03-14,QR CODE | World | Install - ???,Chile,0.14
2022-03-05,Rocket Music Player | Toptier | Install,South Korea,1.34
2022-03-05,Rocket Music Player | Toptier | Install,Switzerland,1.47
2022-03-05,Rocket Music Player | Toptier | Install,Singapore,12.53
2022-03-05,Rocket Music Player | Toptier | Install,Germany,31.12
2022-03-05,Rocket Music Player | Toptier | Install,Canada,2.49
2022-03-05,Rocket Music Player | Toptier | Install,Japan,2.46
2022-03-05,Rocket Music Player | Toptier | Install,United States,9.26
2022-03-05,Rocket Music Player | Toptier | Install,United Arab Emirates,31.04
2022-03-05,Rocket Music Player | Toptier | Install,New Zealand,0.61
2022-03-05,Rocket Music Player | Toptier | Install,United Kingdom,5.42
2022-02-17,DM | World | Install,Chile,0.87
2022-02-17,Yoga | USA | Install,United States,10.52
2022-02-17,QR CODE | World | Install - ???,Chile,0.11
2022-02-05,DM | World | Install,Chile,1.27
2022-02-05,Yoga | USA | Install,United States,18.87
2022-02-05,QR CODE | World | Install - ???,Chile,0.12
2022-01-01,DM | World | Install,Turkiye,0.24
2022-01-01,DM | World | Install,Brazil,0.49
2022-01-01,DM | World | Install,India,1
2022-01-01,DM | World | Install,South Africa,0.09
2022-01-01,DM | World | Install,Kenya,0.11
2022-01-01,DM | World | Install,Philippines,0.22
2022-01-01,DM | World | Install,Pakistan,0.22
2022-01-01,DM | World | Install,Iraq,0.01
2022-01-01,DM | World | Install,Algeria,0.01
2022-01-01,DM | World | Install,United Arab Emirates,0.02
2022-01-01,DM | World | Install,Belarus,0.02
2022-01-01,DM | World | Install,Cote d'Ivoire,0.02
2022-01-01,DM | World | Install,Bulgaria,0.02
2022-01-01,DM | World | Install,South Korea,0.02
2022-01-01,DM | World | Install,Croatia,0.02
2022-01-01,DM | World | Install,Venezuela,0.04
2022-01-01,DM | World | Install,Poland,0.04
2022-01-01,DM | World | Install,Vietnam,0.04
2022-01-01,DM | World | Install,Nigeria,0.08
2022-01-01,DM | World | Install,Indonesia,0.08
2022-01-01,DM | World | Install,Lebanon,0.05
2022-01-01,DM | World | Install,Ukraine,0.05
2022-01-01,DM | World | Install,Sri Lanka,0.03
2022-01-01,DM | World | Install,Canada,0.03
2022-01-01,DM | World | Install,Saudi Arabia,0.03
2022-01-01,DM | World | Install,Mexico,0.03
2022-01-01,DM | World | Install,Lithuania,0.03
2022-01-01,DM | World | Install,Jamaica,0.03
2022-01-01,DM | World | Install,Russia,0.03
2022-01-01,DM | World | Install,Zimbabwe,0.03
2022-01-01,DM | World | Install,Slovenia,0.06
2022-01-01,DM | World | Install,Morocco,0.06
2022-01-01,DM | World | Install,Singapore,0.06
2022-01-01,DM | World | Install,Malaysia,0.06
2022-01-01,DM | World | Install,Azerbaijan,0.06
2022-01-01,DM | World | Install,Ghana,0.06
2022-01-01,DM | World | Install,Egypt,0.12
2022-01-01,DM | World | Install,Uganda,0.07
2022-01-01,DM | World | Install,Latvia,0.07
2022-01-01,DM | World | Install,Bangladesh,0.07
2022-01-01,DM | World | Install,United States,0.07
2022-01-01,DM | World | Install,Argentina,0.28
2022-03-15,Rocket Music Player | Toptier | Install,South Korea,4.52
2022-03-15,Rocket Music Player | Toptier | Install,Switzerland,4.11
2022-03-15,Rocket Music Player | Toptier | Install,Singapore,23.45
2022-03-15,Rocket Music Player | Toptier | Install,Canada,4.77
2022-03-15,Rocket Music Player | Toptier | Install,United States,32.83
2022-03-15,Rocket Music Player | Toptier | Install,Japan,5.81
2022-03-15,Rocket Music Player | Toptier | Install,New Zealand,1.15
2022-03-15,Rocket Music Player | Toptier | Install,United Kingdom,23.95
2022-03-15,QR CODE | World | Install - ???,Chile,0.07
2022-03-03,Rocket Music Player | Toptier | Install,South Korea,1.19
2022-03-03,Rocket Music Player | Toptier | Install,Switzerland,1.63
2022-03-03,Rocket Music Player | Toptier | Install,Singapore,10.91
2022-03-03,Rocket Music Player | Toptier | Install,Germany,23.67
2022-03-03,Rocket Music Player | Toptier | Install,Canada,4.76
2022-03-03,Rocket Music Player | Toptier | Install,Japan,2.22
2022-03-03,Rocket Music Player | Toptier | Install,United States,13.76
2022-03-03,Rocket Music Player | Toptier | Install,United Arab Emirates,31.2
2022-03-03,Rocket Music Player | Toptier | Install,United Kingdom,9.49
2022-03-03,QR CODE | World | Install - ???,Chile,0.09
2022-03-03,Rocket Music Player | Toptier | Install,New Zealand,0.39
2022-02-01,DM | World | Install,Chile,1.05
2022-02-01,Yoga | USA | Install,United States,17.35
2022-02-01,QR CODE | World | Install - ???,Chile,0.02
2022-03-16,QR CODE | World | Install - ???,Chile,0.36
2022-03-16,Rocket Music Player | Toptier | Install,South Korea,4.05
2022-03-16,Rocket Music Player | Toptier | Install,Switzerland,4.08
2022-03-16,Rocket Music Player | Toptier | Install,Singapore,32.24
2022-03-16,Rocket Music Player | Toptier | Install,Canada,6.96
2022-03-16,Rocket Music Player | Toptier | Install,United States,32.81
2022-03-16,Rocket Music Player | Toptier | Install,Japan,5.55
2022-03-16,Rocket Music Player | Toptier | Install,New Zealand,1.23
2022-03-16,Rocket Music Player | Toptier | Install,United Kingdom,27.69
2022-01-16,DM | World | Install,Chile,0.31
2022-03-19,Rocket Music Player | Toptier | Install,South Korea,5.41
2022-03-19,Rocket Music Player | Toptier | Install,Singapore,23.14
2022-03-19,Rocket Music Player | Toptier | Install,United Kingdom,24.92
2022-03-19,Rocket Music Player | Toptier | Install,New Zealand,2.09
2022-03-19,Rocket Music Player | Toptier | Install,Canada,7.49
2022-03-19,Rocket Music Player | Toptier | Install,Japan,2.34
2022-03-19,Rocket Music Player | Toptier | Install,United States,37.04
2022-03-19,Rocket Music Player | Toptier | Install,Switzerland,7.23
2022-03-19,QR CODE | World | Install - ???,Chile,0.23
2022-03-01,Rocket Music Player | Toptier | Install,South Korea,3.86
2022-03-01,Rocket Music Player | Toptier | Install,Switzerland,2.15
2022-03-01,Rocket Music Player | Toptier | Install,Singapore,13.18
2022-03-01,Rocket Music Player | Toptier | Install,Germany,28.01
2022-03-01,Rocket Music Player | Toptier | Install,Canada,4.11
2022-03-01,Rocket Music Player | Toptier | Install,Japan,1.59
2022-03-01,Rocket Music Player | Toptier | Install,United States,17.68
2022-03-01,Rocket Music Player | Toptier | Install,United Arab Emirates,21
2022-03-01,Rocket Music Player | Toptier | Install,New Zealand,1.38
2022-03-01,Rocket Music Player | Toptier | Install,United Kingdom,8.62
2022-03-01,QR CODE | World | Install - ???,Chile,0.14
2022-03-17,Rocket Music Player | Toptier | Install,South Korea,4.24
2022-03-17,Rocket Music Player | Toptier | Install,United Kingdom,26.16
2022-03-17,Rocket Music Player | Toptier | Install,Singapore,33.4
2022-03-17,Rocket Music Player | Toptier | Install,New Zealand,2.08
2022-03-17,Rocket Music Player | Toptier | Install,Canada,6.85
2022-03-17,Rocket Music Player | Toptier | Install,Japan,5.65
2022-03-17,Rocket Music Player | Toptier | Install,United States,30.33
2022-03-17,Rocket Music Player | Toptier | Install,Switzerland,3.79
2022-03-17,QR CODE | World | Install - ???,Chile,0.28
2022-01-28,DM | World | Install,Chile,0.66
2022-01-28,Yoga | USA | Install,United States,13.11
2022-03-09,Rocket Music Player | Toptier | Install,South Korea,4.95
2022-03-09,Rocket Music Player | Toptier | Install,Switzerland,4.24
2022-03-09,Rocket Music Player | Toptier | Install,Singapore,27.09
2022-03-09,Rocket Music Player | Toptier | Install,Canada,8.55
2022-03-09,Rocket Music Player | Toptier | Install,United States,33.52
2022-03-09,Rocket Music Player | Toptier | Install,Japan,5.46
2022-03-09,Rocket Music Player | Toptier | Install,New Zealand,2.55
2022-03-09,Rocket Music Player | Toptier | Install,United Kingdom,24.01
2022-03-09,QR CODE | World | Install - ???,Chile,0.12
2022-02-13,DM | World | Install,Chile,0.94
2022-02-13,Yoga | USA | Install,United States,15.19
2022-02-13,QR CODE | World | Install - ???,Chile,0.13
2022-01-27,DM | World | Install,Chile,0.83
2022-01-27,Yoga | USA | Install,United States,14.24
2022-01-27,QR CODE | World | Install - ???,Chile,0.06
2022-03-22,Quran | Arab | Install,Qatar,0.38
2022-03-22,Quran | Arab | Install,Saudi Arabia,2.24
2022-03-22,Quran | Arab | Install,United Arab Emirates,1.06
2022-03-22,Rocket Music Player | Toptier | Install,South Korea,5.62
2022-03-22,Rocket Music Player | Toptier | Install,United Kingdom,23.05
2022-03-22,Rocket Music Player | Toptier | Install,Singapore,23.88
2022-03-22,Rocket Music Player | Toptier | Install,New Zealand,1.26
2022-03-22,Rocket Music Player | Toptier | Install,Canada,6.29
2022-03-22,Rocket Music Player | Toptier | Install,Japan,1.82
2022-03-22,Rocket Music Player | Toptier | Install,United States,35.71
2022-03-22,Rocket Music Player | Toptier | Install,Switzerland,3.63
2022-03-22,Quran | Arab | Install,Kuwait,0.2
2022-03-22,QR CODE | World | Install - ???,Chile,0.12
2022-02-08,DM | World | Install,Chile,1.27
2022-02-08,Yoga | USA | Install,United States,13.32
2022-02-11,DM | World | Install,Chile,1.27
2022-02-11,Yoga | USA | Install,United States,14.62
2022-02-11,QR CODE | World | Install - ???,Chile,0.05
2022-01-24,DM | World | Install,Chile,0.73
2022-01-24,Yoga | USA | Install,United States,1.93
2022-01-24,QR CODE | World | Install - ???,Chile,0.06
2022-03-08,Rocket Music Player | Toptier | Install,South Korea,2.68
2022-03-08,Rocket Music Player | Toptier | Install,Switzerland,3.53
2022-03-08,Rocket Music Player | Toptier | Install,Singapore,15.63
2022-03-08,Rocket Music Player | Toptier | Install,Canada,5.93
2022-03-08,Rocket Music Player | Toptier | Install,Japan,3.99
2022-03-08,Rocket Music Player | Toptier | Install,United States,20.55
2022-03-08,Rocket Music Player | Toptier | Install,New Zealand,0.74
2022-03-08,Rocket Music Player | Toptier | Install,United Kingdom,15.34
2022-03-08,QR CODE | World | Install - ???,Chile,0.07
2022-01-31,DM | World | Install,Chile,1.39
2022-01-31,Yoga | USA | Install,United States,15.9
2022-01-31,QR CODE | World | Install - ???,Chile,0.05
2022-01-23,DM | World | Install,Chile,0.77
2022-01-23,QR CODE | World | Install - ???,Chile,0.13
2022-01-13,DM | World | Install,Chile,0.17
2022-03-02,Rocket Music Player | Toptier | Install,South Korea,1.32
2022-03-02,Rocket Music Player | Toptier | Install,Singapore,10.29
2022-03-02,Rocket Music Player | Toptier | Install,Germany,28.92
2022-03-02,Rocket Music Player | Toptier | Install,Canada,5.85
2022-03-02,Rocket Music Player | Toptier | Install,United States,17.17
2022-03-02,Rocket Music Player | Toptier | Install,Japan,2.03
2022-03-02,Rocket Music Player | Toptier | Install,United Arab Emirates,25.31
2022-03-02,Rocket Music Player | Toptier | Install,New Zealand,0.62
2022-03-02,Rocket Music Player | Toptier | Install,United Kingdom,7.28
2022-03-02,Rocket Music Player | Toptier | Install,Switzerland,0.04
2022-01-26,DM | World | Install,Chile,0.81
2022-01-26,Yoga | USA | Install,United States,8.49
2022-01-20,DM | World | Install,Chile,0.72
2022-01-03,DM | World | Install,Turkiye,0.42
2022-01-03,DM | World | Install,Philippines,0.5
2022-01-03,DM | World | Install,Pakistan,0.76
2022-01-03,DM | World | Install,Mexico,0.39
2022-01-03,DM | World | Install,Nigeria,0.27
2022-01-03,DM | World | Install,Brazil,1.27
2022-01-03,DM | World | Install,India,2.39
2022-01-03,DM | World | Install,Romania,0.09
2022-01-03,DM | World | Install,United States,0.09
2022-01-03,DM | World | Install,Algeria,0.18
2022-01-03,DM | World | Install,Argentina,0.44
2022-01-03,DM | World | Install,South Africa,0.19
2022-01-03,DM | World | Install,Russia,0.19
2022-01-03,DM | World | Install,Sri Lanka,0.01
2022-01-03,DM | World | Install,Jordan,0.01
2022-01-03,DM | World | Install,New Zealand,0.02
2022-01-03,DM | World | Install,Botswana,0.02
2022-01-03,DM | World | Install,Uganda,0.02
2022-01-03,DM | World | Install,United Arab Emirates,0.02
2022-01-03,DM | World | Install,Saudi Arabia,0.02
2022-01-03,DM | World | Install,Nicaragua,0.02
2022-01-03,DM | World | Install,Trinidad and Tobago,0.02
2022-01-03,DM | World | Install,Thailand,0.02
2022-01-03,DM | World | Install,Fiji,0.02
2022-01-03,DM | World | Install,Sweden,0.02
2022-01-03,DM | World | Install,Angola,0.02
2022-01-03,DM | World | Install,Iraq,0.02
2022-01-03,DM | World | Install,Canada,0.04
2022-01-03,DM | World | Install,Lebanon,0.04
2022-01-03,DM | World | Install,Bosnia and Herzegovina,0.04
2022-01-03,DM | World | Install,Uzbekistan,0.04
2022-01-03,DM | World | Install,Italy,0.04
2022-01-03,DM | World | Install,Latvia,0.04
2022-01-03,DM | World | Install,Costa Rica,0.04
2022-01-03,DM | World | Install,Peru,0.04
2022-01-03,DM | World | Install,Ecuador,0.04
2022-01-03,DM | World | Install,Zambia,0.04
2022-01-03,DM | World | Install,Mozambique,0.04
2022-01-03,DM | World | Install,Kazakhstan,0.04
2022-01-03,DM | World | Install,Bolivia,0.08
2022-01-03,DM | World | Install,Malaysia,0.08
2022-01-03,DM | World | Install,Croatia,0.08
2022-01-03,DM | World | Install,Nepal,0.16
2022-01-03,DM | World | Install,Morocco,0.05
2022-01-03,DM | World | Install,Mauritius,0.05
2022-01-03,DM | World | Install,Zimbabwe,0.05
2022-01-03,DM | World | Install,Egypt,0.1
2022-01-03,DM | World | Install,Tanzania,0.1
2022-01-03,DM | World | Install,Cameroon,0.13
2022-01-03,DM | World | Install,Greece,0.03
2022-01-03,DM | World | Install,El Salvador,0.03
2022-01-03,DM | World | Install,Venezuela,0.03
2022-01-03,DM | World | Install,Netherlands,0.03
2022-01-03,DM | World | Install,Singapore,0.03
2022-01-03,DM | World | Install,Poland,0.06
2022-01-03,DM | World | Install,Bangladesh,0.12
2022-01-03,DM | World | Install,Chile,0.12
2022-01-03,DM | World | Install,Ghana,0.12
2022-01-03,DM | World | Install,Kenya,0.24
2022-01-03,DM | World | Install,Indonesia,0.31
2022-01-03,DM | World | Install,Ukraine,0.14
2022-01-03,DM | World | Install,Colombia,0.14
2022-02-16,DM | World | Install,Chile,0.71
2022-02-16,Yoga | USA | Install,United States,11.01
2022-02-20,DM | World | Install,Chile,0.53
2022-02-20,Yoga | USA | Install,United States,12.88
2022-03-18,Rocket Music Player | Toptier | Install,South Korea,3.05
2022-03-18,Rocket Music Player | Toptier | Install,United Kingdom,18.23
2022-03-18,Rocket Music Player | Toptier | Install,Singapore,22.45
2022-03-18,Rocket Music Player | Toptier | Install,New Zealand,1.76
2022-03-18,Rocket Music Player | Toptier | Install,Canada,7.35
2022-03-18,Rocket Music Player | Toptier | Install,Japan,2.02
2022-03-18,Rocket Music Player | Toptier | Install,United States,30.97
2022-03-18,Rocket Music Player | Toptier | Install,Switzerland,3.02
2022-03-18,QR CODE | World | Install - ???,Chile,0.11
2022-03-12,Rocket Music Player | Toptier | Install,South Korea,6.42
2022-03-12,Rocket Music Player | Toptier | Install,Switzerland,6.89
2022-03-12,Rocket Music Player | Toptier | Install,Singapore,24.48
2022-03-12,Rocket Music Player | Toptier | Install,Canada,11.44
2022-03-12,Rocket Music Player | Toptier | Install,United States,33.61
2022-03-12,Rocket Music Player | Toptier | Install,Japan,10.22
2022-03-12,Rocket Music Player | Toptier | Install,New Zealand,3.38
2022-03-12,Rocket Music Player | Toptier | Install,United Kingdom,29.43
2022-01-30,DM | World | Install,Chile,0.8
2022-01-30,Yoga | USA | Install,United States,17.19
2022-01-30,QR CODE | World | Install - ???,Chile,0.02
2022-02-18,DM | World | Install,Chile,0.85
2022-02-18,Yoga | USA | Install,United States,11.66
2022-01-15,DM | World | Install,Chile,0.4
2022-03-13,Rocket Music Player | Toptier | Install,South Korea,4.23
2022-03-13,Rocket Music Player | Toptier | Install,Switzerland,4.02
2022-03-13,Rocket Music Player | Toptier | Install,Singapore,26.01
2022-03-13,Rocket Music Player | Toptier | Install,Canada,8.97
2022-03-13,Rocket Music Player | Toptier | Install,United States,38.93
2022-03-13,Rocket Music Player | Toptier | Install,Japan,7.9
2022-03-13,Rocket Music Player | Toptier | Install,New Zealand,2.65
2022-03-13,Rocket Music Player | Toptier | Install,United Kingdom,32.87
2022-03-13,QR CODE | World | Install - ???,Chile,0.06
2022-03-26,Yoga | World | Value_ADSONLY,Turkiye,5.79
2022-03-26,Quran | Arab | Install,Saudi Arabia,4.02
2022-03-26,Quran | Arab | Install,United Arab Emirates,0.52
2022-03-26,Yoga | World | Value_ADSONLY,North Macedonia,0.62
2022-03-26,Yoga | World | Value_ADSONLY,Ukraine,1.04
2022-03-26,Yoga | World | Value_ADSONLY,Lebanon,0.97
2022-03-26,Yoga | World | Value_ADSONLY,Tunisia,0.45
2022-03-26,Yoga | World | Value_ADSONLY,Indonesia,0.5
2022-03-26,Yoga | World | Value_ADSONLY,Bangladesh,0.69
2022-03-26,Yoga | World | Value_ADSONLY,Malta,0.4
2022-03-26,Yoga | World | Value_ADSONLY,Philippines,3.82
2022-03-26,Yoga | World | Value_ADSONLY,South Africa,2.56
2022-03-26,Yoga | World | Value_ADSONLY,Romania,1.63
2022-03-26,Yoga | World | Value_ADSONLY,India,4.05
2022-03-26,Yoga | World | Value_ADSONLY,Ghana,2.16
2022-03-26,Yoga | World | Value_ADSONLY,Iraq,3.52
2022-03-26,Yoga | World | Value_ADSONLY,Egypt,8.61
2022-03-26,Yoga | World | Value_ADSONLY,Uganda,0.59
2022-03-26,Yoga | World | Value_ADSONLY,Tanzania,0.39
2022-03-26,Yoga | World | Value_ADSONLY,Yemen,0.4
2022-03-26,Yoga | World | Value_ADSONLY,Nigeria,4.15
2022-03-26,Yoga | World | Value_ADSONLY,Lithuania,0.57
2022-03-26,Yoga | World | Value_ADSONLY,Azerbaijan,0.4
2022-03-26,Yoga | World | Value_ADSONLY,United States,1.6
2022-03-26,Yoga | World | Value_ADSONLY,Pakistan,8.17
2022-03-26,Yoga | World | Value_ADSONLY,Jordan,0.63
2022-03-26,Yoga | World | Value_ADSONLY,Serbia,0.7
2022-03-26,Yoga | World | Value_ADSONLY,Jamaica,10.16
2022-03-26,Yoga | World | Value_ADSONLY,Croatia,0.56
2022-03-26,Yoga | World | Value_ADSONLY,Slovakia,0.57
2022-03-26,Yoga | World | Value_ADSONLY,Italy,0.76
2022-03-26,Yoga | World | Value_ADSONLY,Zimbabwe,0.39
2022-03-26,Yoga | World | Value_ADSONLY,Saudi Arabia,2.35
2022-03-26,Yoga | World | Value_ADSONLY,Oman,0.63
2022-03-26,Yoga | World | Value_ADSONLY,Czechia,1.25
2022-03-26,Yoga | World | Value_ADSONLY,Morocco,2.33
2022-03-26,Yoga | World | Value_ADSONLY,Canada,0.48
2022-03-26,Yoga | World | Value_ADSONLY,Kenya,2.14
2022-03-26,Yoga | World | Value_ADSONLY,Ireland,0.75
2022-03-26,Yoga | World | Value_ADSONLY,Greece,0.98
2022-03-26,Yoga | World | Value_ADSONLY,Thailand,0.35
2022-03-26,Yoga | World | Value_ADSONLY,Malaysia,0.61
2022-03-26,Yoga | World | Value_ADSONLY,Mexico,0.41
2022-03-26,Yoga | World | Value_ADSONLY,Germany,1.62
2022-03-26,Yoga | World | Value_ADSONLY,United Arab Emirates,0.72
2022-03-26,Yoga | World | Value_ADSONLY,United Kingdom,3.36
2022-03-26,Yoga | World | Value_ADSONLY,Kuwait,0.47
2022-03-26,Yoga | World | Value_ADSONLY,Dominican Republic,0.44
2022-03-26,Yoga | World | Value_ADSONLY,Algeria,1.18
2022-03-26,Yoga | World | Value_ADSONLY,Cyprus,0.41
2022-03-26,Rocket Music Player | Toptier | Install,South Korea,5.36
2022-03-26,Rocket Music Player | Toptier | Install,Singapore,24.26
2022-03-26,Rocket Music Player | Toptier | Install,United Kingdom,18.12
2022-03-26,Rocket Music Player | Toptier | Install,New Zealand,1.39
2022-03-26,Rocket Music Player | Toptier | Install,Canada,6.31
2022-03-26,Rocket Music Player | Toptier | Install,Japan,7.33
2022-03-26,Rocket Music Player | Toptier | Install,United States,27.57
2022-03-26,Rocket Music Player | Toptier | Install,Switzerland,3.08
2022-03-26,Yoga | World | Value_ADSONLY,Sweden,0.25
2022-03-26,Yoga | World | Value_ADSONLY,Curacao,0.25
2022-03-26,Yoga | World | Value_ADSONLY,Ecuador,0.25
2022-03-26,Yoga | World | Value_ADSONLY,Aruba,0.09
2022-03-26,Yoga | World | Value_ADSONLY,Latvia,0.36
2022-03-26,Yoga | World | Value_ADSONLY,South Korea,0.36
2022-03-26,Yoga | World | Value_ADSONLY,Vietnam,0.36
2022-03-26,Yoga | World | Value_ADSONLY,Poland,0.33
2022-03-26,Yoga | World | Value_ADSONLY,New Zealand,0.11
2022-03-26,Yoga | World | Value_ADSONLY,Honduras,0.11
2022-03-26,Yoga | World | Value_ADSONLY,Guatemala,0.11
2022-03-26,QR CODE | World | Install - ???,Chile,0.11
2022-03-26,Yoga | World | Value_ADSONLY,Finland,0.15
2022-03-26,Yoga | World | Value_ADSONLY,Senegal,0.15
2022-03-26,Yoga | World | Value_ADSONLY,Argentina,0.15
2022-03-26,Yoga | World | Value_ADSONLY,Belgium,0.15
2022-03-26,Yoga | World | Value_ADSONLY,Colombia,0.27
2022-03-26,Yoga | World | Value_ADSONLY,Peru,0.27
2022-03-26,Yoga | World | Value_ADSONLY,Nepal,0.27
2022-03-26,Yoga | World | Value_ADSONLY,Papua New Guinea,0.27
2022-03-26,Yoga | World | Value_ADSONLY,Spain,0.19
2022-03-26,Yoga | World | Value_ADSONLY,Puerto Rico,0.19
2022-03-26,Yoga | World | Value_ADSONLY,France,0.38
2022-03-26,Yoga | World | Value_ADSONLY,Sri Lanka,0.23
2022-03-26,Yoga | World | Value_ADSONLY,Bahrain,0.46
2022-03-26,Yoga | World | Value_ADSONLY,Libya,0.46
2022-03-26,Yoga | World | Value_ADSONLY,French Polynesia,0.01
2022-03-26,Yoga | World | Value_ADSONLY,Australia,0.01
2022-03-26,Yoga | World | Value_ADSONLY,Northern Mariana Islands,0.01
2022-03-26,Yoga | World | Value_ADSONLY,Gibraltar,0.01
2022-03-26,Yoga | World | Value_ADSONLY,Greenland,0.02
2022-03-26,Yoga | World | Value_ADSONLY,Martinique,0.02
2022-03-26,Yoga | World | Value_ADSONLY,Luxembourg,0.02
2022-03-26,Yoga | World | Value_ADSONLY,Reunion,0.02
2022-03-26,Yoga | World | Value_ADSONLY,Belarus,0.02
2022-03-26,Yoga | World | Value_ADSONLY,French Guiana,0.02
2022-03-26,Yoga | World | Value_ADSONLY,Guernsey,0.02
2022-03-26,Yoga | World | Value_ADSONLY,American Samoa,0.04
2022-03-26,Yoga | World | Value_ADSONLY,British Virgin Islands,0.04
2022-03-26,Yoga | World | Value_ADSONLY,Venezuela,0.04
2022-03-26,Yoga | World | Value_ADSONLY,El Salvador,0.04
2022-03-26,Yoga | World | Value_ADSONLY,Bermuda,0.04
2022-03-26,Yoga | World | Value_ADSONLY,Caribbean Netherlands,0.04
2022-03-26,Yoga | World | Value_ADSONLY,Paraguay,0.04
2022-03-26,Yoga | World | Value_ADSONLY,Hong Kong,0.08
2022-03-26,Yoga | World | Value_ADSONLY,U.S. Virgin Islands,0.08
2022-03-26,Yoga | World | Value_ADSONLY,Slovenia,0.32
2022-03-26,Yoga | World | Value_ADSONLY,Israel,0.32
2022-03-26,Quran | Arab | Install,Qatar,0.43
2022-03-26,Yoga | World | Value_ADSONLY,Bulgaria,0.43
2022-03-26,Yoga | World | Value_ADSONLY,Nicaragua,0.05
2022-03-26,Yoga | World | Value_ADSONLY,Bolivia,0.1
2022-03-26,Yoga | World | Value_ADSONLY,Chile,0.1
2022-03-26,Yoga | World | Value_ADSONLY,Iceland,0.1
2022-03-26,Yoga | World | Value_ADSONLY,Guam,0.1
2022-03-26,Yoga | World | Value_ADSONLY,Sint Maarten,0.1
2022-03-26,Yoga | World | Value_ADSONLY,Brazil,0.13
2022-03-26,Yoga | World | Value_ADSONLY,Taiwan,0.13
2022-03-26,Yoga | World | Value_ADSONLY,Hungary,0.26
2022-03-26,Yoga | World | Value_ADSONLY,Norway,0.26
2022-03-26,Yoga | World | Value_ADSONLY,Bosnia and Herzegovina,0.26
2022-03-26,Yoga | World | Value_ADSONLY,Cayman Islands,0.03
2022-03-26,Yoga | World | Value_ADSONLY,New Caledonia,0.03
2022-03-26,Yoga | World | Value_ADSONLY,Anguilla,0.03
2022-03-26,Yoga | World | Value_ADSONLY,Singapore,0.03
2022-03-26,Yoga | World | Value_ADSONLY,Western Sahara,0.03
2022-03-26,Yoga | World | Value_ADSONLY,Guadeloupe,0.03
2022-03-26,Yoga | World | Value_ADSONLY,Uruguay,0.06
2022-03-26,Yoga | World | Value_ADSONLY,Switzerland,0.06
2022-03-26,Yoga | World | Value_ADSONLY,Kazakhstan,0.12
2022-03-26,Yoga | World | Value_ADSONLY,Montenegro,0.12
2022-03-26,Yoga | World | Value_ADSONLY,Panama,0.12
2022-03-26,Yoga | World | Value_ADSONLY,Denmark,0.17
2022-03-26,Yoga | World | Value_ADSONLY,Qatar,0.31
2022-03-26,Quran | Arab | Install,Kuwait,0.21
2022-03-26,Yoga | World | Value_ADSONLY,Netherlands,0.21
2022-03-26,Yoga | World | Value_ADSONLY,Estonia,0.21
2022-03-26,Yoga | World | Value_ADSONLY,Turks and Caicos Islands,0.07
2022-03-26,Yoga | World | Value_ADSONLY,Georgia,0.07
2022-03-26,Yoga | World | Value_ADSONLY,Austria,0.14
2022-03-26,Yoga | World | Value_ADSONLY,Costa Rica,0.14
2022-03-26,Yoga | World | Value_ADSONLY,Portugal,0.14
2022-01-17,DM | World | Install,Chile,0.3
2022-01-17,QR CODE | World | Install - ???,Chile,0.07
2022-03-27,Yoga | World | Value_ADSONLY,Turkiye,3.79
2022-03-27,Quran | Arab | Install,Qatar,0.41
2022-03-27,Quran | Arab | Install,Saudi Arabia,5.14
2022-03-27,Quran | Arab | Install,United Arab Emirates,1.15
2022-03-27,Quran | Arab | Install,Kuwait,0.35
2022-03-27,Yoga | World | Value_ADSONLY,North Macedonia,0.4
2022-03-27,Yoga | World | Value_ADSONLY,Ukraine,1.33
2022-03-27,Yoga | World | Value_ADSONLY,Lebanon,1.22
2022-03-27,Yoga | World | Value_ADSONLY,Indonesia,1.59
2022-03-27,Yoga | World | Value_ADSONLY,Bangladesh,1.78
2022-03-27,Yoga | World | Value_ADSONLY,Malta,0.5
2022-03-27,Yoga | World | Value_ADSONLY,Philippines,4.26
2022-03-27,Yoga | World | Value_ADSONLY,South Africa,1.71
2022-03-27,Yoga | World | Value_ADSONLY,Romania,1.09
2022-03-27,Yoga | World | Value_ADSONLY,India,23.68
2022-03-27,Yoga | World | Value_ADSONLY,Latvia,0.63
2022-03-27,Yoga | World | Value_ADSONLY,Ghana,0.55
2022-03-27,Yoga | World | Value_ADSONLY,Iraq,3.33
2022-03-27,Yoga | World | Value_ADSONLY,Egypt,9.63
2022-03-27,Yoga | World | Value_ADSONLY,Cyprus,0.41
2022-03-27,Yoga | World | Value_ADSONLY,Nigeria,1.2
2022-03-27,Yoga | World | Value_ADSONLY,Lithuania,1.18
2022-03-27,Yoga | World | Value_ADSONLY,Bahrain,0.5
2022-03-27,Yoga | World | Value_ADSONLY,Azerbaijan,0.73
2022-03-27,Yoga | World | Value_ADSONLY,Pakistan,9.01
2022-03-27,Yoga | World | Value_ADSONLY,Jordan,0.52
2022-03-27,Yoga | World | Value_ADSONLY,Slovenia,0.48
2022-03-27,Yoga | World | Value_ADSONLY,Serbia,0.47
2022-03-27,Yoga | World | Value_ADSONLY,Jamaica,7.38
2022-03-27,Yoga | World | Value_ADSONLY,Croatia,0.44
2022-03-27,Yoga | World | Value_ADSONLY,Vietnam,0.9
2022-03-27,Yoga | World | Value_ADSONLY,Slovakia,0.49
2022-03-27,Yoga | World | Value_ADSONLY,Oman,0.58
2022-03-27,Yoga | World | Value_ADSONLY,Saudi Arabia,1.12
2022-03-27,Yoga | World | Value_ADSONLY,Czechia,0.81
2022-03-27,Yoga | World | Value_ADSONLY,Morocco,0.83
2022-03-27,Yoga | World | Value_ADSONLY,Kenya,1.31
2022-03-27,Yoga | World | Value_ADSONLY,Nepal,1.01
2022-03-27,Yoga | World | Value_ADSONLY,Thailand,0.85
2022-03-27,Yoga | World | Value_ADSONLY,Greece,0.59
2022-03-27,Yoga | World | Value_ADSONLY,Malaysia,1.84
2022-03-27,Yoga | World | Value_ADSONLY,Sri Lanka,0.7
2022-03-27,Yoga | World | Value_ADSONLY,Germany,0.46
2022-03-27,Yoga | World | Value_ADSONLY,United Arab Emirates,0.63
2022-03-27,Yoga | World | Value_ADSONLY,United Kingdom,0.56
2022-03-27,Rocket Music Player | Toptier | Install,South Korea,6.66
2022-03-27,Rocket Music Player | Toptier | Install,Singapore,22.35
2022-03-27,Rocket Music Player | Toptier | Install,United Kingdom,17.05
2022-03-27,Rocket Music Player | Toptier | Install,New Zealand,1.94
2022-03-27,Rocket Music Player | Toptier | Install,Canada,4.58
2022-03-27,Rocket Music Player | Toptier | Install,Japan,5.29
2022-03-27,Rocket Music Player | Toptier | Install,United States,27.78
2022-03-27,Rocket Music Player | Toptier | Install,Switzerland,3.17
2022-03-27,Yoga | World | Value_ADSONLY,Georgia,0.25
2022-03-27,Yoga | World | Value_ADSONLY,Denmark,0.09
2022-03-27,Yoga | World | Value_ADSONLY,Ecuador,0.09
2022-03-27,Yoga | World | Value_ADSONLY,Portugal,0.09
2022-03-27,Yoga | World | Value_ADSONLY,Taiwan,0.09
2022-03-27,Yoga | World | Value_ADSONLY,Sweden,0.18
2022-03-27,Yoga | World | Value_ADSONLY,Ireland,0.18
2022-03-27,Yoga | World | Value_ADSONLY,Dominican Republic,0.18
2022-03-27,Yoga | World | Value_ADSONLY,Bulgaria,0.36
2022-03-27,Yoga | World | Value_ADSONLY,Kuwait,0.36
2022-03-27,Yoga | World | Value_ADSONLY,Uganda,0.33
2022-03-27,Yoga | World | Value_ADSONLY,Hong Kong,0.11
2022-03-27,Yoga | World | Value_ADSONLY,Netherlands,0.11
2022-03-27,Yoga | World | Value_ADSONLY,Hungary,0.15
2022-03-27,Yoga | World | Value_ADSONLY,Papua New Guinea,0.15
2022-03-27,Yoga | World | Value_ADSONLY,United States,0.27
2022-03-27,Yoga | World | Value_ADSONLY,Kazakhstan,0.19
2022-03-27,Yoga | World | Value_ADSONLY,Qatar,0.19
2022-03-27,Yoga | World | Value_ADSONLY,Cayman Islands,0.01
2022-03-27,Yoga | World | Value_ADSONLY,Greenland,0.01
2022-03-27,Yoga | World | Value_ADSONLY,Martinique,0.01
2022-03-27,Yoga | World | Value_ADSONLY,French Polynesia,0.01
2022-03-27,Yoga | World | Value_ADSONLY,New Caledonia,0.01
2022-03-27,Yoga | World | Value_ADSONLY,Bolivia,0.01
2022-03-27,Yoga | World | Value_ADSONLY,Anguilla,0.01
2022-03-27,Yoga | World | Value_ADSONLY,Venezuela,0.01
2022-03-27,Yoga | World | Value_ADSONLY,Gibraltar,0.01
2022-03-27,Yoga | World | Value_ADSONLY,Jersey,0.01
2022-03-27,Yoga | World | Value_ADSONLY,Guernsey,0.01
2022-03-27,Yoga | World | Value_ADSONLY,Nicaragua,0.02
2022-03-27,Yoga | World | Value_ADSONLY,Uruguay,0.02
2022-03-27,Yoga | World | Value_ADSONLY,British Virgin Islands,0.02
2022-03-27,Yoga | World | Value_ADSONLY,Reunion,0.02
2022-03-27,Yoga | World | Value_ADSONLY,Singapore,0.02
2022-03-27,Yoga | World | Value_ADSONLY,Bermuda,0.02
2022-03-27,Yoga | World | Value_ADSONLY,Costa Rica,0.02
2022-03-27,Yoga | World | Value_ADSONLY,French Guiana,0.02
2022-03-27,Yoga | World | Value_ADSONLY,Guatemala,0.02
2022-03-27,Yoga | World | Value_ADSONLY,Turks and Caicos Islands,0.04
2022-03-27,Yoga | World | Value_ADSONLY,Chile,0.04
2022-03-27,Yoga | World | Value_ADSONLY,Peru,0.04
2022-03-27,Yoga | World | Value_ADSONLY,Canada,0.08
2022-03-27,Yoga | World | Value_ADSONLY,Panama,0.08
2022-03-27,Yoga | World | Value_ADSONLY,Tanzania,0.16
2022-03-27,Yoga | World | Value_ADSONLY,Libya,0.16
2022-03-27,Yoga | World | Value_ADSONLY,Switzerland,0.05
2022-03-27,Yoga | World | Value_ADSONLY,Senegal,0.05
2022-03-27,Yoga | World | Value_ADSONLY,Guam,0.05
2022-03-27,Yoga | World | Value_ADSONLY,Argentina,0.05
2022-03-27,Yoga | World | Value_ADSONLY,Brazil,0.05
2022-03-27,Yoga | World | Value_ADSONLY,Spain,0.1
2022-03-27,Yoga | World | Value_ADSONLY,South Korea,0.1
2022-03-27,Yoga | World | Value_ADSONLY,Iceland,0.1
2022-03-27,Yoga | World | Value_ADSONLY,Finland,0.1
2022-03-27,Yoga | World | Value_ADSONLY,Norway,0.1
2022-03-27,Yoga | World | Value_ADSONLY,Estonia,0.2
2022-03-27,Yoga | World | Value_ADSONLY,Tunisia,0.26
2022-03-27,Yoga | World | Value_ADSONLY,Japan,0.03
2022-03-27,Yoga | World | Value_ADSONLY,New Zealand,0.03
2022-03-27,Yoga | World | Value_ADSONLY,Luxembourg,0.03
2022-03-27,Yoga | World | Value_ADSONLY,El Salvador,0.03
2022-03-27,Yoga | World | Value_ADSONLY,Honduras,0.03
2022-03-27,Yoga | World | Value_ADSONLY,Montenegro,0.03
2022-03-27,Yoga | World | Value_ADSONLY,Caribbean Netherlands,0.03
2022-03-27,Yoga | World | Value_ADSONLY,Sint Maarten,0.03
2022-03-27,Yoga | World | Value_ADSONLY,Paraguay,0.03
2022-03-27,Yoga | World | Value_ADSONLY,Guadeloupe,0.06
2022-03-27,Yoga | World | Value_ADSONLY,U.S. Virgin Islands,0.06
2022-03-27,Yoga | World | Value_ADSONLY,Puerto Rico,0.12
2022-03-27,Yoga | World | Value_ADSONLY,Poland,0.12
2022-03-27,Yoga | World | Value_ADSONLY,Belgium,0.12
2022-03-27,Yoga | World | Value_ADSONLY,Italy,0.24
2022-03-27,Yoga | World | Value_ADSONLY,Curacao,0.17
2022-03-27,Yoga | World | Value_ADSONLY,Yemen,0.17
2022-03-27,Yoga | World | Value_ADSONLY,France,0.17
2022-03-27,Yoga | World | Value_ADSONLY,Israel,0.17
2022-03-27,Yoga | World | Value_ADSONLY,Bosnia and Herzegovina,0.17
2022-03-27,QR CODE | World | Install - ???,Chile,0.17
2022-03-27,Yoga | World | Value_ADSONLY,Zimbabwe,0.42
2022-03-27,Yoga | World | Value_ADSONLY,Algeria,0.42
2022-03-27,Yoga | World | Value_ADSONLY,Austria,0.07
2022-03-27,Yoga | World | Value_ADSONLY,Belarus,0.07
2022-03-27,Yoga | World | Value_ADSONLY,Aruba,0.07
2022-03-27,Yoga | World | Value_ADSONLY,Colombia,0.14
2022-03-27,Yoga | World | Value_ADSONLY,Mexico,0.14
2022-03-25,Yoga | World | Value_ADSONLY,Turkiye,3.17
2022-03-25,Quran | Arab | Install,Qatar,0.87
2022-03-25,Quran | Arab | Install,Saudi Arabia,6.25
2022-03-25,Quran | Arab | Install,United Arab Emirates,1.05
2022-03-25,Yoga | World | Value_ADSONLY,Kazakhstan,0.67
2022-03-25,Yoga | World | Value_ADSONLY,North Macedonia,0.44
2022-03-25,Yoga | World | Value_ADSONLY,Ukraine,2.44
2022-03-25,Yoga | World | Value_ADSONLY,Lebanon,2.93
2022-03-25,Yoga | World | Value_ADSONLY,Indonesia,1.35
2022-03-25,Yoga | World | Value_ADSONLY,Bangladesh,3.92
2022-03-25,Yoga | World | Value_ADSONLY,Philippines,4.72
2022-03-25,Yoga | World | Value_ADSONLY,South Africa,1.91
2022-03-25,Yoga | World | Value_ADSONLY,Romania,1.33
2022-03-25,Yoga | World | Value_ADSONLY,India,18.84
2022-03-25,Yoga | World | Value_ADSONLY,Georgia,0.4
2022-03-25,Yoga | World | Value_ADSONLY,Iraq,7.43
2022-03-25,Yoga | World | Value_ADSONLY,Egypt,3.83
2022-03-25,Yoga | World | Value_ADSONLY,South Korea,0.52
2022-03-25,Yoga | World | Value_ADSONLY,Cyprus,0.44
2022-03-25,Yoga | World | Value_ADSONLY,Uganda,0.35
2022-03-25,Yoga | World | Value_ADSONLY,Nigeria,1.04
2022-03-25,Yoga | World | Value_ADSONLY,Bahrain,0.52
2022-03-25,Yoga | World | Value_ADSONLY,Azerbaijan,1.98
2022-03-25,Yoga | World | Value_ADSONLY,Pakistan,14.75
2022-03-25,Yoga | World | Value_ADSONLY,Bulgaria,0.53
2022-03-25,Yoga | World | Value_ADSONLY,Jordan,1.9
2022-03-25,Yoga | World | Value_ADSONLY,Serbia,0.54
2022-03-25,Yoga | World | Value_ADSONLY,Vietnam,0.99
2022-03-25,Yoga | World | Value_ADSONLY,Israel,1.31
2022-03-25,Yoga | World | Value_ADSONLY,Qatar,0.45
2022-03-25,Yoga | World | Value_ADSONLY,Saudi Arabia,2.91
2022-03-25,Yoga | World | Value_ADSONLY,Oman,1.25
2022-03-25,Yoga | World | Value_ADSONLY,Czechia,0.47
2022-03-25,Yoga | World | Value_ADSONLY,Morocco,0.85
2022-03-25,Yoga | World | Value_ADSONLY,Kenya,1.37
2022-03-25,Yoga | World | Value_ADSONLY,Nepal,1.5
2022-03-25,Yoga | World | Value_ADSONLY,Greece,0.81
2022-03-25,Yoga | World | Value_ADSONLY,Thailand,2.06
2022-03-25,Yoga | World | Value_ADSONLY,Malaysia,3
2022-03-25,Yoga | World | Value_ADSONLY,United Arab Emirates,1.47
2022-03-25,Yoga | World | Value_ADSONLY,Algeria,1.2
2022-03-25,Rocket Music Player | Toptier | Install,South Korea,3.76
2022-03-25,Rocket Music Player | Toptier | Install,Singapore,29.75
2022-03-25,Rocket Music Player | Toptier | Install,United Kingdom,14.82
2022-03-25,Rocket Music Player | Toptier | Install,New Zealand,1.84
2022-03-25,Rocket Music Player | Toptier | Install,Canada,5.39
2022-03-25,Rocket Music Player | Toptier | Install,Japan,4.63
2022-03-25,Rocket Music Player | Toptier | Install,United States,30.55
2022-03-25,Rocket Music Player | Toptier | Install,Switzerland,3.66
2022-03-25,Yoga | World | Value_ADSONLY,Malta,0.09
2022-03-25,Yoga | World | Value_ADSONLY,Guam,0.09
2022-03-25,Yoga | World | Value_ADSONLY,Ireland,0.09
2022-03-25,Yoga | World | Value_ADSONLY,Tunisia,0.33
2022-03-25,Yoga | World | Value_ADSONLY,Croatia,0.33
2022-03-25,Yoga | World | Value_ADSONLY,Sweden,0.11
2022-03-25,Yoga | World | Value_ADSONLY,Estonia,0.11
2022-03-25,Yoga | World | Value_ADSONLY,Poland,0.22
2022-03-25,Yoga | World | Value_ADSONLY,Latvia,0.15
2022-03-25,Yoga | World | Value_ADSONLY,Montenegro,0.15
2022-03-25,Yoga | World | Value_ADSONLY,Yemen,0.27
2022-03-25,Yoga | World | Value_ADSONLY,Slovakia,0.23
2022-03-25,Yoga | World | Value_ADSONLY,Martinique,0.01
2022-03-25,Yoga | World | Value_ADSONLY,New Caledonia,0.01
2022-03-25,Yoga | World | Value_ADSONLY,Bolivia,0.01
2022-03-25,Yoga | World | Value_ADSONLY,Nicaragua,0.01
2022-03-25,Yoga | World | Value_ADSONLY,British Virgin Islands,0.01
2022-03-25,Yoga | World | Value_ADSONLY,Venezuela,0.01
2022-03-25,Yoga | World | Value_ADSONLY,Luxembourg,0.01
2022-03-25,Yoga | World | Value_ADSONLY,Puerto Rico,0.01
2022-03-25,Yoga | World | Value_ADSONLY,Ecuador,0.01
2022-03-25,Yoga | World | Value_ADSONLY,Northern Mariana Islands,0.01
2022-03-25,Yoga | World | Value_ADSONLY,Norway,0.01
2022-03-25,Yoga | World | Value_ADSONLY,Brazil,0.01
2022-03-25,Yoga | World | Value_ADSONLY,Caribbean Netherlands,0.01
2022-03-25,Yoga | World | Value_ADSONLY,Gibraltar,0.01
2022-03-25,Yoga | World | Value_ADSONLY,Guatemala,0.01
2022-03-25,Yoga | World | Value_ADSONLY,Panama,0.01
2022-03-25,Yoga | World | Value_ADSONLY,Jersey,0.01
2022-03-25,Yoga | World | Value_ADSONLY,Guernsey,0.01
2022-03-25,Yoga | World | Value_ADSONLY,Greenland,0.02
2022-03-25,Yoga | World | Value_ADSONLY,Colombia,0.02
2022-03-25,Yoga | World | Value_ADSONLY,Austria,0.02
2022-03-25,Yoga | World | Value_ADSONLY,American Samoa,0.02
2022-03-25,Yoga | World | Value_ADSONLY,Japan,0.02
2022-03-25,Yoga | World | Value_ADSONLY,Switzerland,0.02
2022-03-25,Yoga | World | Value_ADSONLY,Western Sahara,0.02
2022-03-25,Yoga | World | Value_ADSONLY,Mayotte,0.02
2022-03-25,Yoga | World | Value_ADSONLY,Mexico,0.02
2022-03-25,Yoga | World | Value_ADSONLY,Sint Maarten,0.02
2022-03-25,Yoga | World | Value_ADSONLY,New Zealand,0.04
2022-03-25,Yoga | World | Value_ADSONLY,Iceland,0.04
2022-03-25,Yoga | World | Value_ADSONLY,Portugal,0.04
2022-03-25,Yoga | World | Value_ADSONLY,Dominican Republic,0.04
2022-03-25,Quran | Arab | Install,Kuwait,0.32
2022-03-25,Yoga | World | Value_ADSONLY,Lithuania,0.32
2022-03-25,Yoga | World | Value_ADSONLY,Kuwait,0.32
2022-03-25,Yoga | World | Value_ADSONLY,Spain,0.05
2022-03-25,Yoga | World | Value_ADSONLY,Hungary,0.05
2022-03-25,Yoga | World | Value_ADSONLY,Netherlands,0.05
2022-03-25,Yoga | World | Value_ADSONLY,Australia,0.05
2022-03-25,Yoga | World | Value_ADSONLY,Belgium,0.05
2022-03-25,Yoga | World | Value_ADSONLY,Senegal,0.1
2022-03-25,Yoga | World | Value_ADSONLY,Slovenia,0.1
2022-03-25,Yoga | World | Value_ADSONLY,United Kingdom,0.13
2022-03-25,Yoga | World | Value_ADSONLY,Taiwan,0.13
2022-03-25,QR CODE | World | Install - ???,Chile,0.13
2022-03-25,Yoga | World | Value_ADSONLY,Hong Kong,0.26
2022-03-25,Yoga | World | Value_ADSONLY,Tanzania,0.26
2022-03-25,Yoga | World | Value_ADSONLY,Zimbabwe,0.26
2022-03-25,Yoga | World | Value_ADSONLY,Curacao,0.03
2022-03-25,Yoga | World | Value_ADSONLY,Papua New Guinea,0.03
2022-03-25,Yoga | World | Value_ADSONLY,Reunion,0.06
2022-03-25,Yoga | World | Value_ADSONLY,Denmark,0.06
2022-03-25,Yoga | World | Value_ADSONLY,Finland,0.06
2022-03-25,Yoga | World | Value_ADSONLY,Singapore,0.12
2022-03-25,Yoga | World | Value_ADSONLY,Belarus,0.24
2022-03-25,Yoga | World | Value_ADSONLY,Bosnia and Herzegovina,0.34
2022-03-25,Yoga | World | Value_ADSONLY,Libya,0.21
2022-03-25,Yoga | World | Value_ADSONLY,Italy,0.21
2022-03-25,Yoga | World | Value_ADSONLY,Jamaica,0.42
2022-03-25,Yoga | World | Value_ADSONLY,France,0.07
2022-03-25,Yoga | World | Value_ADSONLY,Germany,0.14
2022-03-25,Yoga | World | Value_ADSONLY,Ghana,0.39
2022-03-23,Quran | Arab | Install,Saudi Arabia,6.2
2022-03-23,Quran | Arab | Install,United Arab Emirates,1.12
2022-03-23,Quran | Arab | Install,Kuwait,0.47
2022-03-23,Rocket Music Player | Toptier | Install,South Korea,5.94
2022-03-23,Rocket Music Player | Toptier | Install,United Kingdom,18.2
2022-03-23,Rocket Music Player | Toptier | Install,Singapore,27.13
2022-03-23,Rocket Music Player | Toptier | Install,New Zealand,2.85
2022-03-23,Rocket Music Player | Toptier | Install,Canada,6.66
2022-03-23,Rocket Music Player | Toptier | Install,Japan,3.38
2022-03-23,Rocket Music Player | Toptier | Install,United States,28.84
2022-03-23,Rocket Music Player | Toptier | Install,Switzerland,2.22
2022-03-23,QR CODE | World | Install - ???,Chile,0.11
2022-03-23,Quran | Arab | Install,Qatar,0.48
2022-02-19,DM | World | Install,Chile,0.68
2022-02-19,Yoga | USA | Install,United States,12.94
2022-02-19,QR CODE | World | Install - ???,Chile,0.13
2022-01-09,DM | World | Install,Turkiye,0.22
2022-01-09,DM | World | Install,Mexico,0.56
2022-01-09,DM | World | Install,Argentina,0.71
2022-01-09,DM | World | Install,Brazil,1.3
2022-01-09,DM | World | Install,India,2.69
2022-01-09,DM | World | Install,Egypt,0.09
2022-01-09,DM | World | Install,Jamaica,0.09
2022-01-09,DM | World | Install,Indonesia,0.09
2022-01-09,DM | World | Install,Russia,0.09
2022-01-09,DM | World | Install,Nigeria,0.15
2022-01-09,DM | World | Install,Pakistan,0.3
2022-01-09,DM | World | Install,Colombia,0.27
2022-01-09,DM | World | Install,Philippines,0.54
2022-01-09,DM | World | Install,Venezuela,0.01
2022-01-09,DM | World | Install,Turkmenistan,0.01
2022-01-09,DM | World | Install,Central African Republic,0.01
2022-01-09,DM | World | Install,United Kingdom,0.01
2022-01-09,DM | World | Install,Uzbekistan,0.01
2022-01-09,DM | World | Install,Northern Mariana Islands,0.01
2022-01-09,DM | World | Install,Hungary,0.01
2022-01-09,DM | World | Install,Kuwait,0.02
2022-01-09,DM | World | Install,South Africa,0.02
2022-01-09,DM | World | Install,Iraq,0.02
2022-01-09,DM | World | Install,Angola,0.02
2022-01-09,DM | World | Install,Cambodia,0.02
2022-01-09,DM | World | Install,Iran,0.02
2022-01-09,DM | World | Install,Honduras,0.02
2022-01-09,DM | World | Install,Thailand,0.02
2022-01-09,DM | World | Install,Botswana,0.04
2022-01-09,DM | World | Install,Estonia,0.04
2022-01-09,DM | World | Install,Saudi Arabia,0.04
2022-01-09,DM | World | Install,Bolivia,0.04
2022-01-09,DM | World | Install,Uruguay,0.04
2022-01-09,DM | World | Install,Latvia,0.04
2022-01-09,DM | World | Install,Cote d'Ivoire,0.04
2022-01-09,DM | World | Install,Malaysia,0.04
2022-01-09,DM | World | Install,Sri Lanka,0.08
2022-01-09,DM | World | Install,Guatemala,0.08
2022-01-09,DM | World | Install,Tanzania,0.08
2022-01-09,DM | World | Install,Greece,0.05
2022-01-09,DM | World | Install,Bangladesh,0.1
2022-01-09,DM | World | Install,Chile,0.13
2022-01-09,DM | World | Install,Vietnam,0.13
2022-01-09,DM | World | Install,Bosnia and Herzegovina,0.03
2022-01-09,DM | World | Install,Singapore,0.03
2022-01-09,DM | World | Install,Namibia,0.03
2022-01-09,DM | World | Install,Libya,0.03
2022-01-09,DM | World | Install,Andorra,0.03
2022-01-09,DM | World | Install,France,0.03
2022-01-09,DM | World | Install,El Salvador,0.06
2022-01-09,DM | World | Install,Lebanon,0.06
2022-01-09,DM | World | Install,Panama,0.06
2022-01-09,DM | World | Install,Poland,0.06
2022-01-09,DM | World | Install,Ukraine,0.06
2022-01-09,DM | World | Install,Paraguay,0.06
2022-01-09,DM | World | Install,Kenya,0.06
2022-01-09,DM | World | Install,Nepal,0.06
2022-01-09,DM | World | Install,Uganda,0.12
2022-01-09,DM | World | Install,United States,0.12
2022-01-09,DM | World | Install,Peru,0.21
2022-01-09,DM | World | Install,Tunisia,0.07
2022-01-09,DM | World | Install,Ecuador,0.07
2022-01-09,DM | World | Install,Romania,0.07
2022-01-09,DM | World | Install,Senegal,0.07
2022-02-14,DM | World | Install,Chile,0.68
2022-02-14,Yoga | USA | Install,United States,11.61
2022-02-14,QR CODE | World | Install - ???,Chile,0.08
2022-01-05,DM | World | Install,Turkiye,0.25
2022-01-05,DM | World | Install,Philippines,0.62
2022-01-05,DM | World | Install,Pakistan,0.75
2022-01-05,DM | World | Install,Mexico,0.47
2022-01-05,DM | World | Install,Nigeria,0.69
2022-01-05,DM | World | Install,Argentina,0.46
2022-01-05,DM | World | Install,Malaysia,0.22
2022-01-05,DM | World | Install,Egypt,0.3
2022-01-05,DM | World | Install,Brazil,2.09
2022-01-05,DM | World | Install,Kenya,0.32
2022-01-05,DM | World | Install,Vietnam,0.27
2022-01-05,DM | World | Install,India,3.99
2022-01-05,DM | World | Install,South Africa,0.25
2022-01-05,DM | World | Install,El Salvador,0.09
2022-01-05,DM | World | Install,Costa Rica,0.09
2022-01-05,DM | World | Install,Iraq,0.09
2022-01-05,DM | World | Install,Sri Lanka,0.11
2022-01-05,DM | World | Install,Greece,0.19
2022-01-05,DM | World | Install,Moldova,0.01
2022-01-05,DM | World | Install,Namibia,0.01
2022-01-05,DM | World | Install,Zambia,0.01
2022-01-05,DM | World | Install,Benin,0.01
2022-01-05,DM | World | Install,Senegal,0.01
2022-01-05,DM | World | Install,Turkmenistan,0.02
2022-01-05,DM | World | Install,Uzbekistan,0.02
2022-01-05,DM | World | Install,Lithuania,0.02
2022-01-05,DM | World | Install,Burkina Faso,0.02
2022-01-05,DM | World | Install,Kyrgyzstan,0.02
2022-01-05,DM | World | Install,Jamaica,0.02
2022-01-05,DM | World | Install,Slovakia,0.02
2022-01-05,DM | World | Install,Ireland,0.04
2022-01-05,DM | World | Install,Belize,0.04
2022-01-05,DM | World | Install,Malta,0.04
2022-01-05,DM | World | Install,Poland,0.04
2022-01-05,DM | World | Install,United Arab Emirates,0.04
2022-01-05,DM | World | Install,Uruguay,0.04
2022-01-05,DM | World | Install,Singapore,0.04
2022-01-05,DM | World | Install,Guyana,0.04
2022-01-05,DM | World | Install,Algeria,0.04
2022-01-05,DM | World | Install,Ecuador,0.04
2022-01-05,DM | World | Install,Trinidad and Tobago,0.04
2022-01-05,DM | World | Install,Rwanda,0.04
2022-01-05,DM | World | Install,Haiti,0.04
2022-01-05,DM | World | Install,Estonia,0.08
2022-01-05,DM | World | Install,Panama,0.08
2022-01-05,DM | World | Install,Bosnia and Herzegovina,0.05
2022-01-05,DM | World | Install,Hungary,0.05
2022-01-05,DM | World | Install,Saudi Arabia,0.1
2022-01-05,DM | World | Install,Morocco,0.1
2022-01-05,DM | World | Install,Tanzania,0.1
2022-01-05,DM | World | Install,Ghana,0.1
2022-01-05,DM | World | Install,United States,0.2
2022-01-05,DM | World | Install,Chile,0.13
2022-01-05,DM | World | Install,Nepal,0.13
2022-01-05,DM | World | Install,Bangladesh,0.37
2022-01-05,DM | World | Install,Jordan,0.03
2022-01-05,DM | World | Install,Venezuela,0.03
2022-01-05,DM | World | Install,Czechia,0.03
2022-01-05,DM | World | Install,Spain,0.03
2022-01-05,DM | World | Install,Bahrain,0.03
2022-01-05,DM | World | Install,Bolivia,0.03
2022-01-05,DM | World | Install,Italy,0.03
2022-01-05,DM | World | Install,Qatar,0.03
2022-01-05,DM | World | Install,Peru,0.03
2022-01-05,DM | World | Install,Guatemala,0.03
2022-01-05,DM | World | Install,Ukraine,0.03
2022-01-05,DM | World | Install,Thailand,0.03
2022-01-05,DM | World | Install,Zimbabwe,0.03
2022-01-05,DM | World | Install,Portugal,0.03
2022-01-05,DM | World | Install,French Guiana,0.03
2022-01-05,DM | World | Install,Paraguay,0.06
2022-01-05,DM | World | Install,Uganda,0.06
2022-01-05,DM | World | Install,Romania,0.12
2022-01-05,DM | World | Install,Honduras,0.12
2022-01-05,DM | World | Install,Lebanon,0.24
2022-01-05,DM | World | Install,Indonesia,0.21
2022-01-05,DM | World | Install,Russia,0.21
2022-01-05,DM | World | Install,Dominican Republic,0.14
2022-01-05,DM | World | Install,Colombia,0.39
2022-01-06,DM | World | Install,Turkiye,0.31
2022-01-06,DM | World | Install,Philippines,0.8
2022-01-06,DM | World | Install,Pakistan,1.14
2022-01-06,DM | World | Install,Mexico,0.52
2022-01-06,DM | World | Install,Nigeria,0.83
2022-01-06,DM | World | Install,Argentina,0.64
2022-01-06,DM | World | Install,Brazil,1.85
2022-01-06,DM | World | Install,India,5.51
2022-01-06,DM | World | Install,Indonesia,0.25
2022-01-06,DM | World | Install,Poland,0.09
2022-01-06,DM | World | Install,Angola,0.09
2022-01-06,DM | World | Install,Ecuador,0.09
2022-01-06,DM | World | Install,Ghana,0.09
2022-01-06,DM | World | Install,Uganda,0.11
2022-01-06,DM | World | Install,Slovenia,0.11
2022-01-06,DM | World | Install,Romania,0.11
2022-01-06,DM | World | Install,Egypt,0.27
2022-01-06,DM | World | Install,Saudi Arabia,0.35
2022-01-06,DM | World | Install,Turkmenistan,0.01
2022-01-06,DM | World | Install,Czechia,0.01
2022-01-06,DM | World | Install,Israel,0.01
2022-01-06,DM | World | Install,Namibia,0.01
2022-01-06,DM | World | Install,Slovakia,0.01
2022-01-06,DM | World | Install,Algeria,0.01
2022-01-06,DM | World | Install,Yemen,0.01
2022-01-06,DM | World | Install,Gabon,0.02
2022-01-06,DM | World | Install,Bulgaria,0.02
2022-01-06,DM | World | Install,Honduras,0.02
2022-01-06,DM | World | Install,Hungary,0.02
2022-01-06,DM | World | Install,Mauritius,0.02
2022-01-06,DM | World | Install,El Salvador,0.04
2022-01-06,DM | World | Install,Ireland,0.04
2022-01-06,DM | World | Install,Uzbekistan,0.04
2022-01-06,DM | World | Install,Iraq,0.04
2022-01-06,DM | World | Install,Singapore,0.04
2022-01-06,DM | World | Install,Qatar,0.04
2022-01-06,DM | World | Install,Cote d'Ivoire,0.04
2022-01-06,DM | World | Install,Croatia,0.04
2022-01-06,DM | World | Install,Zimbabwe,0.04
2022-01-06,DM | World | Install,France,0.04
2022-01-06,DM | World | Install,Dominican Republic,0.08
2022-01-06,DM | World | Install,Bosnia and Herzegovina,0.08
2022-01-06,DM | World | Install,Morocco,0.08
2022-01-06,DM | World | Install,Kenya,0.16
2022-01-06,DM | World | Install,Colombia,0.29
2022-01-06,DM | World | Install,Togo,0.05
2022-01-06,DM | World | Install,Iran,0.05
2022-01-06,DM | World | Install,Ukraine,0.05
2022-01-06,DM | World | Install,Trinidad and Tobago,0.05
2022-01-06,DM | World | Install,Greece,0.13
2022-01-06,DM | World | Install,Russia,0.13
2022-01-06,DM | World | Install,Bolivia,0.03
2022-01-06,DM | World | Install,Italy,0.03
2022-01-06,DM | World | Install,Mali,0.03
2022-01-06,DM | World | Install,United Arab Emirates,0.06
2022-01-06,DM | World | Install,Belgium,0.06
2022-01-06,DM | World | Install,Paraguay,0.06
2022-01-06,DM | World | Install,Tanzania,0.06
2022-01-06,DM | World | Install,Nepal,0.06
2022-01-06,DM | World | Install,Sri Lanka,0.12
2022-01-06,DM | World | Install,Chile,0.12
2022-01-06,DM | World | Install,Malaysia,0.34
2022-01-06,DM | World | Install,Peru,0.21
2022-01-06,DM | World | Install,Venezuela,0.07
2022-01-06,DM | World | Install,Panama,0.07
2022-01-06,DM | World | Install,Nicaragua,0.07
2022-01-06,DM | World | Install,Thailand,0.07
2022-01-06,DM | World | Install,South Africa,0.14
2022-01-06,DM | World | Install,Jamaica,0.14
2022-01-06,DM | World | Install,United States,0.14
2022-02-15,DM | World | Install,Chile,0.54
2022-02-15,Yoga | USA | Install,United States,9.08
2022-02-15,QR CODE | World | Install - ???,Chile,0.09
2022-01-02,DM | World | Install,Turkiye,0.36
2022-01-02,DM | World | Install,Philippines,0.56
2022-01-02,DM | World | Install,Pakistan,0.36
2022-01-02,DM | World | Install,Argentina,0.38
2022-01-02,DM | World | Install,Brazil,1.14
2022-01-02,DM | World | Install,India,1.92
2022-01-02,DM | World | Install,Lithuania,0.09
2022-01-02,DM | World | Install,United Arab Emirates,0.18
2022-01-02,DM | World | Install,Sri Lanka,0.11
2022-01-02,DM | World | Install,South Africa,0.11
2022-01-02,DM | World | Install,Mexico,0.11
2022-01-02,DM | World | Install,Morocco,0.11
2022-01-02,DM | World | Install,Kenya,0.27
2022-01-02,DM | World | Install,Nigeria,0.23
2022-01-02,DM | World | Install,Venezuela,0.01
2022-01-02,DM | World | Install,Angola,0.01
2022-01-02,DM | World | Install,Tunisia,0.01
2022-01-02,DM | World | Install,Trinidad and Tobago,0.01
2022-01-02,DM | World | Install,Thailand,0.01
2022-01-02,DM | World | Install,Hungary,0.01
2022-01-02,DM | World | Install,Afghanistan,0.02
2022-01-02,DM | World | Install,Netherlands,0.02
2022-01-02,DM | World | Install,United Kingdom,0.02
2022-01-02,DM | World | Install,Latvia,0.02
2022-01-02,DM | World | Install,Cote d'Ivoire,0.02
2022-01-02,DM | World | Install,Cambodia,0.02
2022-01-02,DM | World | Install,Slovakia,0.02
2022-01-02,DM | World | Install,Algeria,0.02
2022-01-02,DM | World | Install,Peru,0.02
2022-01-02,DM | World | Install,Vietnam,0.02
2022-01-02,DM | World | Install,Albania,0.02
2022-01-02,DM | World | Install,Portugal,0.02
2022-01-02,DM | World | Install,Italy,0.02
2022-01-02,DM | World | Install,Greece,0.04
2022-01-02,DM | World | Install,Saudi Arabia,0.04
2022-01-02,DM | World | Install,Croatia,0.04
2022-01-02,DM | World | Install,Bolivia,0.08
2022-01-02,DM | World | Install,Romania,0.08
2022-01-02,DM | World | Install,Chile,0.08
2022-01-02,DM | World | Install,Indonesia,0.29
2022-01-02,DM | World | Install,Lebanon,0.05
2022-01-02,DM | World | Install,Bangladesh,0.05
2022-01-02,DM | World | Install,Guatemala,0.05
2022-01-02,DM | World | Install,Russia,0.05
2022-01-02,DM | World | Install,Uganda,0.1
2022-01-02,DM | World | Install,Ukraine,0.13
2022-01-02,DM | World | Install,Estonia,0.03
2022-01-02,DM | World | Install,Poland,0.03
2022-01-02,DM | World | Install,Cyprus,0.03
2022-01-02,DM | World | Install,Azerbaijan,0.03
2022-01-02,DM | World | Install,Zimbabwe,0.03
2022-01-02,DM | World | Install,French Polynesia,0.03
2022-01-02,DM | World | Install,Ghana,0.03
2022-01-02,DM | World | Install,El Salvador,0.06
2022-01-02,DM | World | Install,Panama,0.06
2022-01-02,DM | World | Install,United States,0.06
2022-01-02,DM | World | Install,Iraq,0.07
2022-01-02,DM | World | Install,Egypt,0.07
2022-01-02,DM | World | Install,Malaysia,0.14
2022-01-02,DM | World | Install,Tanzania,0.14
2022-01-02,DM | World | Install,Colombia,0.14
2022-03-20,Rocket Music Player | Toptier | Install,South Korea,7.28
2022-03-20,Rocket Music Player | Toptier | Install,United Kingdom,20.55
2022-03-20,Rocket Music Player | Toptier | Install,Singapore,23.42
2022-03-20,Rocket Music Player | Toptier | Install,New Zealand,2.1
2022-03-20,Rocket Music Player | Toptier | Install,Canada,6.78
2022-03-20,Rocket Music Player | Toptier | Install,Japan,3.83
2022-03-20,Rocket Music Player | Toptier | Install,United States,36.03
2022-03-20,Rocket Music Player | Toptier | Install,Switzerland,2.54
2022-03-20,QR CODE | World | Install - ???,Chile,0.01
2022-02-04,DM | World | Install,Chile,1.55
2022-02-04,Yoga | USA | Install,United States,17.27
2022-02-04,QR CODE | World | Install - ???,Chile,0.05
2022-03-04,Rocket Music Player | Toptier | Install,South Korea,2.21
2022-03-04,Rocket Music Player | Toptier | Install,Switzerland,1.32
2022-03-04,Rocket Music Player | Toptier | Install,Singapore,12.33
2022-03-04,Rocket Music Player | Toptier | Install,Germany,25.26
2022-03-04,Rocket Music Player | Toptier | Install,Canada,2.8
2022-03-04,Rocket Music Player | Toptier | Install,United States,13.37
2022-03-04,Rocket Music Player | Toptier | Install,Japan,2.37
2022-03-04,Rocket Music Player | Toptier | Install,United Arab Emirates,26.56
2022-03-04,Rocket Music Player | Toptier | Install,New Zealand,1.05
2022-03-04,Rocket Music Player | Toptier | Install,United Kingdom,10.11
2022-02-02,DM | World | Install,Chile,0.79
2022-02-02,Yoga | USA | Install,United States,12.94
2022-02-02,QR CODE | World | Install - ???,Chile,0.07
2022-02-03,DM | World | Install,Chile,0.57
2022-02-03,Yoga | USA | Install,United States,14.27
2022-02-03,QR CODE | World | Install - ???,Chile,0.07
2022-02-28,Rocket Music Player | Toptier | Install,Japan,1.27
2022-02-28,Rocket Music Player | Toptier | Install,United States,11.35
2022-02-28,Rocket Music Player | Toptier | Install,Germany,36.29
2022-02-28,Rocket Music Player | Toptier | Install,Singapore,4.13
2022-02-28,Rocket Music Player | Toptier | Install,United Kingdom,9.03
2022-02-28,Rocket Music Player | Toptier | Install,Canada,1.45
2022-02-28,Rocket Music Player | Toptier | Install,South Korea,0.34
2022-02-28,Rocket Music Player | Toptier | Install,Switzerland,2.45
2022-02-28,Rocket Music Player | Toptier | Install,United Arab Emirates,32.84
2022-02-28,Rocket Music Player | Toptier | Install,New Zealand,0.35
2022-02-28,QR CODE | World | Install - ???,Chile,0.04
2022-01-07,DM | World | Install,Turkiye,0.58
2022-01-07,DM | World | Install,Philippines,0.81
2022-01-07,DM | World | Install,Pakistan,1
2022-01-07,DM | World | Install,Nigeria,0.52
2022-01-07,DM | World | Install,Argentina,0.63
2022-01-07,DM | World | Install,Egypt,0.27
2022-01-07,DM | World | Install,Brazil,2.45
2022-01-07,DM | World | Install,Bangladesh,0.44
2022-01-07,DM | World | Install,Indonesia,0.42
2022-01-07,DM | World | Install,Colombia,0.51
2022-01-07,DM | World | Install,India,4.62
2022-01-07,DM | World | Install,Vietnam,0.25
2022-01-07,DM | World | Install,Iraq,0.18
2022-01-07,DM | World | Install,United Arab Emirates,0.15
2022-01-07,DM | World | Install,Kenya,0.19
2022-01-07,DM | World | Install,South Africa,0.23
2022-01-07,DM | World | Install,Malaysia,0.23
2022-01-07,DM | World | Install,Turkmenistan,0.01
2022-01-07,DM | World | Install,Germany,0.01
2022-01-07,DM | World | Install,Afghanistan,0.01
2022-01-07,DM | World | Install,Uzbekistan,0.01
2022-01-07,DM | World | Install,Singapore,0.01
2022-01-07,DM | World | Install,Cote d'Ivoire,0.01
2022-01-07,DM | World | Install,Libya,0.01
2022-01-07,DM | World | Install,Ukraine,0.01
2022-01-07,DM | World | Install,Palestine,0.01
2022-01-07,DM | World | Install,Rwanda,0.01
2022-01-07,DM | World | Install,Estonia,0.02
2022-01-07,DM | World | Install,Myanmar (Burma),0.02
2022-01-07,DM | World | Install,Israel,0.02
2022-01-07,DM | World | Install,Cameroon,0.02
2022-01-07,DM | World | Install,United Kingdom,0.02
2022-01-07,DM | World | Install,Angola,0.02
2022-01-07,DM | World | Install,Kyrgyzstan,0.02
2022-01-07,DM | World | Install,Tunisia,0.02
2022-01-07,DM | World | Install,Jamaica,0.02
2022-01-07,DM | World | Install,Greece,0.02
2022-01-07,DM | World | Install,Croatia,0.02
2022-01-07,DM | World | Install,Tanzania,0.02
2022-01-07,DM | World | Install,Ethiopia,0.02
2022-01-07,DM | World | Install,Venezuela,0.04
2022-01-07,DM | World | Install,Poland,0.04
2022-01-07,DM | World | Install,Bahrain,0.04
2022-01-07,DM | World | Install,Bulgaria,0.04
2022-01-07,DM | World | Install,Peru,0.04
2022-01-07,DM | World | Install,Trinidad and Tobago,0.04
2022-01-07,DM | World | Install,Mauritius,0.04
2022-01-07,DM | World | Install,United States,0.04
2022-01-07,DM | World | Install,Nepal,0.04
2022-01-07,DM | World | Install,Lithuania,0.04
2022-01-07,DM | World | Install,Canada,0.08
2022-01-07,DM | World | Install,Russia,0.08
2022-01-07,DM | World | Install,Honduras,0.08
2022-01-07,DM | World | Install,The Bahamas,0.08
2022-01-07,DM | World | Install,Sri Lanka,0.16
2022-01-07,DM | World | Install,Spain,0.05
2022-01-07,DM | World | Install,Mali,0.05
2022-01-07,DM | World | Install,Ecuador,0.05
2022-01-07,DM | World | Install,Chile,0.05
2022-01-07,DM | World | Install,Saudi Arabia,0.1
2022-01-07,DM | World | Install,Mexico,0.4
2022-01-07,DM | World | Install,El Salvador,0.03
2022-01-07,DM | World | Install,Jordan,0.03
2022-01-07,DM | World | Install,Mongolia,0.03
2022-01-07,DM | World | Install,Czechia,0.03
2022-01-07,DM | World | Install,Netherlands,0.03
2022-01-07,DM | World | Install,Italy,0.03
2022-01-07,DM | World | Install,Nicaragua,0.03
2022-01-07,DM | World | Install,France,0.03
2022-01-07,DM | World | Install,Lebanon,0.06
2022-01-07,DM | World | Install,Dominican Republic,0.06
2022-01-07,DM | World | Install,Australia,0.06
2022-01-07,DM | World | Install,Algeria,0.12
2022-01-07,DM | World | Install,Guatemala,0.12
2022-01-07,DM | World | Install,Romania,0.12
2022-01-07,DM | World | Install,Thailand,0.12
2022-01-07,DM | World | Install,Albania,0.12
2022-01-07,DM | World | Install,Zimbabwe,0.12
2022-01-07,DM | World | Install,Morocco,0.21
2022-01-07,DM | World | Install,Bosnia and Herzegovina,0.07
2022-01-07,DM | World | Install,Uganda,0.14
2022-01-07,DM | World | Install,Iran,0.14
2022-01-07,DM | World | Install,Ghana,0.14
2022-02-12,DM | World | Install,Chile,0.69
2022-02-12,Yoga | USA | Install,United States,12.51
2022-02-12,QR CODE | World | Install - ???,Chile,0.06
